claim_id,section,claim_text,population_context,source_id,source_url,source_type,evidence_tier,access_depth,anchor_or_locator,first_pass_stance,blind_verdict,blind_failure_mode,discrepancy_resolution,core_claim,last_verified,notes
TRIAL-001,Clinical outcomes,6개월 CAS 변화와 failure rate에서 rituximab이 methylprednisolone 대비 우월하지 않았다.,NCT00595335,ClinicalTrials.gov; NCT00595335,https://clinicaltrials.gov/study/NCT00595335,Registry/publication,Trial-level,Official registry plus cited full text where available,Primary outcome and adverse-events modules; publication results tables where cited,support,entailed,,소규모 randomized trial; negative result를 보존.,True,2026-09-10,Within-agent blinded second-pass verdict; not independent validation.
TRIAL-002,Clinical outcomes,n=2로 효능 해석이 불가능하며 dose 이해를 기다리며 종료되었다.,NCT01114503,ClinicalTrials.gov; NCT01114503,https://clinicaltrials.gov/study/NCT01114503,Registry/publication,Trial-level,Official registry plus cited full text where available,Primary outcome and adverse-events modules; publication results tables where cited,support,entailed,,Termination은 명시된 dose-development 사유이며 mechanistic failure로 해석하지 않음.,True,2026-09-10,Within-agent blinded second-pass verdict; not independent validation.
TRIAL-003,Clinical outcomes,pediatric RAI/ATD 연구지만 posted outcome-measurement row가 없어 efficacy 또는 remission을 추론할 수 없다.,NCT01269749,ClinicalTrials.gov; NCT01269749,https://clinicaltrials.gov/study/NCT01269749,Registry/publication,Trial-level,Official registry plus cited full text where available,Primary outcome and adverse-events modules; publication results tables where cited,support,entailed,,등록 결과의 부재는 무효과를 뜻하지 않음.,True,2026-09-10,Within-agent blinded second-pass verdict; not independent validation.
TRIAL-004,Clinical outcomes,active TED에서 teprotumumab은 Week 24 composite response와 proptosis를 유의하게 개선했다.,NCT01868997,ClinicalTrials.gov; NCT01868997,https://clinicaltrials.gov/study/NCT01868997,Registry/publication,Trial-level,Official registry plus cited full text where available,Primary outcome and adverse-events modules; publication results tables where cited,support,entailed,,IGF-1R class efficacy를 보이나 GD biochemical remission 증거가 아님.,True,2026-09-10,Within-agent blinded second-pass verdict; not independent validation.
TRIAL-005,Clinical outcomes,RAI 후 조기 levothyroxine은 8주 overt hypothyroidism primary endpoint를 유의하게 줄이지 못했다.,NCT01950260,ClinicalTrials.gov; NCT01950260,https://clinicaltrials.gov/study/NCT01950260,Registry/publication,Trial-level,Official registry plus cited full text where available,Primary outcome and adverse-events modules; publication results tables where cited,support,entailed,,Primary endpoint negative.,True,2026-09-10,Within-agent blinded second-pass verdict; not independent validation.
TRIAL-006,Clinical outcomes,선택된 rescue cohorts에서 rituximab/MTX 후 CAS 감소가 관찰됐지만 causal 비교는 불가하다.,NCT02378298,ClinicalTrials.gov; NCT02378298,https://clinicaltrials.gov/study/NCT02378298,Registry/publication,Trial-level,Official registry plus cited full text where available,Primary outcome and adverse-events modules; publication results tables where cited,support,entailed,,Nonrandomized selected cohorts; cohort 간 우열 비교 금지.,True,2026-09-10,Within-agent blinded second-pass verdict; not independent validation.
TRIAL-007,Clinical outcomes,iscalimab 단일군에서 Week 12 TSH normalization은 0%였다.,NCT02713256,ClinicalTrials.gov; NCT02713256,https://clinicaltrials.gov/study/NCT02713256,Registry/publication,Trial-level,Official registry plus cited full text where available,Primary outcome and adverse-events modules; publication results tables where cited,support,entailed,,"Single arm, small N.",True,2026-09-10,Within-agent blinded second-pass verdict; not independent validation.
TRIAL-008,Clinical outcomes,poor enrollment로 종료되어 feasibility 실패이며 efficacy 판단 근거가 아니다.,NCT02845336,ClinicalTrials.gov; NCT02845336,https://clinicaltrials.gov/study/NCT02845336,Registry/publication,Trial-level,Official registry plus cited full text where available,Primary outcome and adverse-events modules; publication results tables where cited,support,entailed,,Mechanistic failure로 분류하지 않음.,True,2026-09-10,Within-agent blinded second-pass verdict; not independent validation.
TRIAL-009,Clinical outcomes,ATX-GD-59 Phase 1에서 thyroid/antibody biomarker 개선 신호가 있었지만 remission proof는 아니다.,NCT02973802,[253]; ClinicalTrials.gov; NCT02973802,https://clinicaltrials.gov/study/NCT02973802,Registry/publication,Trial-level,Official registry plus cited full text where available,Primary outcome and adverse-events modules; publication results tables where cited,support,entailed,,Open-label n=12; authors도 placebo-controlled proof 필요성을 명시.,True,2026-09-10,Within-agent blinded second-pass verdict; not independent validation.
TRIAL-010,Clinical outcomes,PTU+alfacalcidol은 prespecified immune biomarkers를 개선하지 못했다.,NCT02993302,ClinicalTrials.gov; NCT02993302,https://clinicaltrials.gov/study/NCT02993302,Registry/publication,Trial-level,Official registry plus cited full text where available,Primary outcome and adverse-events modules; publication results tables where cited,support,entailed,,Negative biomarker study.,True,2026-09-10,Within-agent blinded second-pass verdict; not independent validation.
TRIAL-011,Clinical outcomes,OPTIC에서 teprotumumab은 Week 24 proptosis response를 크게 높였다.,NCT03298867,ClinicalTrials.gov; NCT03298867,https://clinicaltrials.gov/study/NCT03298867,Registry/publication,Trial-level,Official registry plus cited full text where available,Primary outcome and adverse-events modules; publication results tables where cited,support,entailed,,TED structural/clinical response이며 GD cure가 아님.,True,2026-09-10,Within-agent blinded second-pass verdict; not independent validation.
TRIAL-012,Clinical outcomes,OPTIC-X는 prior-placebo crossover와 selected retreatment/nonresponder cohorts에서 추가 response를 보였다.,NCT03461211,[191]; ClinicalTrials.gov; NCT03461211,https://clinicaltrials.gov/study/NCT03461211,Registry/publication,Trial-level,Official registry plus cited full text where available,Primary outcome and adverse-events modules; publication results tables where cited,support,entailed,,Randomized comparator가 아닌 selected open-label extension.,True,2026-09-10,Within-agent blinded second-pass verdict; not independent validation.
TRIAL-013,Clinical outcomes,RVT-1401 pilot은 strong IgG PD를 보였으나 clinical efficacy inference는 약하다.,NCT03922321,ClinicalTrials.gov; NCT03922321,https://clinicaltrials.gov/study/NCT03922321,Registry/publication,Trial-level,Official registry plus cited full text where available,Primary outcome and adverse-events modules; publication results tables where cited,support,entailed,,Single arm and very small N.,True,2026-09-10,Within-agent blinded second-pass verdict; not independent validation.
TRIAL-014,Clinical outcomes,ASCEND GO-2의 Week 13 clinical primary comparisons는 nonsignificant였지만 IgG/anti-TSHR PD는 dose-related였다.,NCT03938545,ClinicalTrials.gov; NCT03938545,https://clinicaltrials.gov/study/NCT03938545,Registry/publication,Trial-level,Official registry plus cited full text where available,Primary outcome and adverse-events modules; publication results tables where cited,support,entailed,,Program review로 premature unblinding; demonstrated mechanistic failure로 단정하지 않음.,True,2026-09-10,Within-agent blinded second-pass verdict; not independent validation.
TRIAL-015,Clinical outcomes,chronic/low-activity TED에서도 teprotumumab은 Week 24 proptosis를 유의하게 개선했다.,NCT04583735,[190]; ClinicalTrials.gov; NCT04583735,https://clinicaltrials.gov/study/NCT04583735,Registry/publication,Trial-level,Official registry plus cited full text where available,Primary outcome and adverse-events modules; publication results tables where cited,support,entailed,,"Sponsor participated in design, analysis, interpretation, and writing.",True,2026-09-10,Within-agent blinded second-pass verdict; not independent validation.
TRIAL-016,Clinical outcomes,secukinumab은 futility로 종료되었고 Week 16 response가 관찰되지 않았다.,NCT04737330,ClinicalTrials.gov; NCT04737330,https://clinicaltrials.gov/study/NCT04737330,Registry/publication,Trial-level,Official registry plus cited full text where available,Primary outcome and adverse-events modules; publication results tables where cited,support,entailed,,Clear negative/futility trial.,True,2026-09-10,Within-agent blinded second-pass verdict; not independent validation.
TRIAL-017,Clinical outcomes,THRIVE에서 veligrotug은 Week 15에 큰 proptosis/overall response 효과를 보였다.,NCT05176639,[230]; [713]; ClinicalTrials.gov; NCT05176639,https://clinicaltrials.gov/study/NCT05176639,Registry/publication,Trial-level,Official registry plus cited full text where available,Primary outcome and adverse-events modules; publication results tables where cited,support,entailed,,Five infusions; durability denominator와 responder conditioning을 명시.,True,2026-09-10,Within-agent blinded second-pass verdict; not independent validation.
TRIAL-018,Clinical outcomes,linsitinib high dose는 Week 24 PRR와 overall response를 유의하게 개선했으나 low dose primary comparison은 유의하지 않았다.,NCT05276063,[714]; [715]; ClinicalTrials.gov; NCT05276063,https://clinicaltrials.gov/study/NCT05276063,Registry/publication,Trial-level,Official registry plus cited full text where available,Primary outcome and adverse-events modules; publication results tables where cited,support,entailed,,One-sided alpha 2.5%; mixed Graves/Hashimoto etiology but all had TED.,True,2026-09-10,Within-agent blinded second-pass verdict; not independent validation.
TRIAL-019,Clinical outcomes,batoclimab+background ATD에서 biochemical control 및 ATD reduction 신호가 있었지만 remission/cure 증거는 아니다.,NCT05907668,ClinicalTrials.gov; NCT05907668; [683],https://clinicaltrials.gov/study/NCT05907668,Registry/publication,Trial-level,Official registry plus cited full text where available,Primary outcome and adverse-events modules; publication results tables where cited,support,entailed,,"Single arm; abstract n=25는 earlier cut, registry n=32를 canonical로 사용.",True,2026-09-10,Within-agent blinded second-pass verdict; not independent validation.
TRIAL-020,Clinical outcomes,SatraGO-1 active-TED Week 24 primary PRR는 실패했다.,NCT05987423,[699]; [701]; ClinicalTrials.gov; NCT05987423,https://clinicaltrials.gov/study/NCT05987423,Registry/publication,Trial-level,Official registry plus cited full text where available,Primary outcome and adverse-events modules; publication results tables where cited,support,entailed,,Secondary p-values nominal/multiplicity-sensitive; primary failure를 우선.,True,2026-09-10,Within-agent blinded second-pass verdict; not independent validation.
TRIAL-021,Clinical outcomes,THRIVE-2에서 chronic TED Week 15 PRR가 크게 개선되었다.,NCT06021054,[678]; [679]; [712]; ClinicalTrials.gov; NCT06021054,https://clinicaltrials.gov/study/NCT06021054,Registry/publication,Trial-level,Official registry plus cited full text where available,Primary outcome and adverse-events modules; publication results tables where cited,support,entailed,,Death causality를 추론하지 않음; no peer-reviewed full Phase 3 paper found.,True,2026-09-10,Within-agent blinded second-pass verdict; not independent validation.
TRIAL-022,Clinical outcomes,SatraGO-2는 active-TED Week 24 primary PRR를 충족했다.,NCT06106828,[699]; [701]; ClinicalTrials.gov; NCT06106828,https://clinicaltrials.gov/study/NCT06106828,Registry/publication,Trial-level,Official registry plus cited full text where available,Primary outcome and adverse-events modules; publication results tables where cited,support,entailed,,Secondary p-values multiplicity caution; satralizumab TED indication pending at cutoff.,True,2026-09-10,Within-agent blinded second-pass verdict; not independent validation.
TRIAL-023,Clinical outcomes,feeder-trial nonresponders의 open-label treatment 결과이며 randomized comparative efficacy로 해석할 수 없다.,NCT06179875,ClinicalTrials.gov; NCT06179875,https://clinicaltrials.gov/study/NCT06179875,Registry/publication,Trial-level,Official registry plus cited full text where available,Primary outcome and adverse-events modules; publication results tables where cited,support,entailed,,Selected cohorts; live cut confirmed enrollment 139 and no registry drift.,True,2026-09-10,Within-agent blinded second-pass verdict; not independent validation.
TRIAL-024,Clinical outcomes,LASN01은 Week 37 CAS response 신호를 보였지만 PRR는 placebo와 유사했다.,NCT06226545,[422]; [521]; ClinicalTrials.gov; NCT06226545,https://clinicaltrials.gov/study/NCT06226545,Registry/publication,Trial-level,Official registry plus cited full text where available,Primary outcome and adverse-events modules; publication results tables where cited,support,entailed,,n=26 randomized; p-test unnamed; sponsor-funded/authored; post hoc proptosis exclusions highly exploratory.,True,2026-09-10,Within-agent blinded second-pass verdict; not independent validation.
TRIAL-025,Clinical outcomes,STRIVE는 placebo 없는 active-dose safety comparison으로 efficacy 또는 dose response를 확립하지 못한다.,NCT06384547,ClinicalTrials.gov; NCT06384547,https://clinicaltrials.gov/study/NCT06384547,Registry/publication,Trial-level,Official registry plus cited full text where available,Primary outcome and adverse-events modules; publication results tables where cited,support,entailed,,No placebo; efficacy inference 제한.,True,2026-09-10,Within-agent blinded second-pass verdict; not independent validation.
REG-001,Regulatory,FDA approved Lumvoa on 2026-06-26 for TED regardless of activity or duration.,US regulatory,[373]; [726]; [727],https://www.accessdata.fda.gov/drugsatfda_docs/label/2026/761530Orig1s000lbl.pdf,Official/primary,Official or primary,Full record,USPI §§1–2 and approval letter,support,entailed,,Approval date and indication directly stated.,True,2026-09-10,Within-agent blinded second-pass; not third-party validation.
REG-002,Regulatory,Lumvoa recommended dosage is 10 mg/kg IV every 3 weeks for five infusions.,US regulatory,[373],https://www.accessdata.fda.gov/drugsatfda_docs/label/2026/761530Orig1s000lbl.pdf,Official/primary,Official or primary,Full record,USPI §2.1,support,entailed,,Direct label statement.,True,2026-09-10,Within-agent blinded second-pass; not third-party validation.
REG-003,Regulatory,Satralizumab was not FDA-approved for TED as of the data cut; one Phase 3 study met and one missed its primary endpoint.,US regulatory,[701]; [699],,Official/primary,Official or primary,Full record,Sponsor regulatory update and congress results,support,entailed,,Pending-status wording bounded to data cut.,True,2026-09-10,Within-agent blinded second-pass; not third-party validation.
PIPE-001,Direct TSHR,LCA-0321 entered an ongoing recruiting first-in-human Phase 1 SAD/MAD study planned for 48 participants.,GD adults,[1]; CTIS 2025-524053-14-00,https://ctis.eu/,Official/primary,Official or primary,Full record,CTIS trial summary,support,entailed,,No human efficacy claimed.,True,2026-09-10,Within-agent blinded second-pass; not third-party validation.
PIPE-002,Direct TSHR,MER511 is a Phase 1 IV/SC precision biologic designed to clear anti-TSHR antibodies and inhibit their antigen-specific B-cell sources while sparing TSH signaling.,GD adults,[6]; [7]; [8],https://clinicaltrials.gov/study/NCT07305818,Official/primary,Official or primary,Full record,Registry plus sponsor/preclinical mechanism,support,entailed,,Human efficacy and durability remain unknown.,True,2026-09-10,Within-agent blinded second-pass; not third-party validation.
METHOD-001,Methods,The frozen ClinicalTrials.gov cut contains 324 records; 193 were triaged and 168 included.,All registry records,registry_cut_reconciliation_2026-09-10.json,,Official/primary,Official or primary,Full record,Frozen snapshot and adjudication files,support,entailed,,Counts validated programmatically.,True,2026-09-10,Within-agent blinded second-pass; not third-party validation.
