asset,aliases,company,owner_at_cutoff,partners,modality,construct,target,mechanism,core_adjacent_tier,indication,highest_stage,status,trial_ids,differentiation,biomarker_pd_strategy,dosing_developability,safety_hypothesis,key_unmet_need,critical_risks,preclinical_models,preclinical_results,potential_driver_specificity_0_3,potential_durability_0_3,potential_selectivity_0_3,potential_translatability_0_3,potential_developability_0_3,weighted_potential_0_3,evidence_confidence,evidence_tier,source_ids,last_verified,notes
LCA-0321,,Lycia Therapeutics,Lycia Therapeutics,,LYTAC autoantibody degrader,LYTAC autoantibody degrader,anti-TSHR autoantibodies,Antigen-specific binding and lysosomal elimination of pathogenic anti-TSHR autoantibodies,Core,GD; TED,Phase 1,"Ongoing, recruiting",CTIS 2025-524053-14-00; LCA-0321-01,Direct driver removal without intended general immunosuppression,"TRAb/TSI/TSAb, thyroid hormones, PK/ADA",SAD/MAD; planned n=48,"First-in-human; magnitude, kinetics, immunogenicity and true clinical durability unknown",Disease modification with durable control while preserving normal immunity/thyroid signaling,"First-in-human; magnitude, kinetics, immunogenicity and true clinical durability unknown",See cited primary/sponsor evidence,Not pooled; source-specific,3.0,2.0,3.0,1.0,2.0,2.35,Low,Registry + primary/sponsor evidence,[1]; CTIS 2025-524053-14-00,2026-09-10,R&D potential is hypothesis-weighted and explicitly separate from evidence confidence.
MER511,,Merida Biosciences,Merida Biosciences; Lilly acquisition closing not independently verified at cutoff,,Engineered TSHR ectodomain–mutant Fc fusion,Engineered TSHR ectodomain–mutant Fc fusion,anti-TSHR autoantibodies and cognate B-cell sources,"Binds/neutralizes anti-TSHR AAbs, promotes FcγRIIB-mediated hepatic clearance, and inhibits antigen-specific B-cell function",Core,GD; potential TED,Phase 1,Recruiting,NCT07305818,Combines antibody clearance with antigen-specific source suppression while sparing TSH signaling,"TRAb/TSI/TSAb, total IgG, thyroid hormones, B-cell pharmacology",IV and SC SAD/MAD,"Preclinical claims sponsor-derived; human selectivity, safety, durability and SC exposure unknown",Disease modification with durable control while preserving normal immunity/thyroid signaling,"Preclinical claims sponsor-derived; human selectivity, safety, durability and SC exposure unknown",See cited primary/sponsor evidence,Not pooled; source-specific,3.0,3.0,3.0,2.0,2.0,2.75,Low–moderate,Registry + primary/sponsor evidence,[6]; [7]; [8]; NCT07305818,2026-09-10,R&D potential is hypothesis-weighted and explicitly separate from evidence confidence.
GenSci098 / YB-101,GenSci098; YB-101,GenSci,GenSci,,Monoclonal antibody,Monoclonal antibody,TSHR,TSHR blockade / antagonism,Core,GD,Phase 2,Active development,NCT06569758; NCT07286656; NCT07682896,Direct receptor antagonism,"TRAb, FT3/FT4, TSH, ATD use",Trial-defined,Normal TSH signaling blockade and limited public clinical efficacy,Disease modification with durable control while preserving normal immunity/thyroid signaling,Normal TSH signaling blockade and limited public clinical efficacy,See cited primary/sponsor evidence,Not pooled; source-specific,3.0,1.0,2.0,2.0,2.0,2.05,Moderate,Registry + primary/sponsor evidence,[541]; NCT06569758; NCT07286656; NCT07682896,2026-09-10,R&D potential is hypothesis-weighted and explicitly separate from evidence confidence.
K1-70,,AV7 / academic collaborators,Owner not fully resolved,,TSHR-blocking monoclonal autoantibody,TSHR-blocking monoclonal autoantibody,TSHR,Competitive receptor blockade,Core,GD; TED,Phase 1,Early clinical,NCT02904330; Japanese Phase 1 publication,Directly blocks stimulating autoantibody signaling,"TSHR bioassay, FT3/FT4/TSH",IV/clinical study defined,Could suppress physiologic TSHR signaling; small cohorts,Disease modification with durable control while preserving normal immunity/thyroid signaling,Could suppress physiologic TSHR signaling; small cohorts,See cited primary/sponsor evidence,Not pooled; source-specific,3.0,1.0,2.0,2.0,2.0,2.05,Moderate,Registry + primary/sponsor evidence,[164]; NCT02904330,2026-09-10,R&D potential is hypothesis-weighted and explicitly separate from evidence confidence.
ATX-GD-59,,Apitope / Worg,Owner/status uncertain,,TSHR peptide immunotherapy,TSHR peptide immunotherapy,TSHR-reactive T cells,Antigen-specific immune tolerance,Core,GD,Phase 1 completed,Completed; follow-on WP1302 suspended,NCT02973802; NCT06240455,Potential durable antigen-specific tolerance,"TBII/TSAb, FT3/FT4/TSH, ATD-free status",10 intradermal doses in Phase 1,Uncontrolled signal and spontaneous remission confounding; WP1302 recruitment infeasible,Disease modification with durable control while preserving normal immunity/thyroid signaling,Uncontrolled signal and spontaneous remission confounding; WP1302 recruitment infeasible,See cited primary/sponsor evidence,Not pooled; source-specific,3.0,2.0,3.0,2.0,2.0,2.5,Low–moderate,Registry + primary/sponsor evidence,[253]; NCT02973802; NCT06240455,2026-09-10,R&D potential is hypothesis-weighted and explicitly separate from evidence confidence.
IBI3031,,Innovent,Innovent,,Bispecific antibody,Bispecific antibody,IGF-1R and TSHR,Dual IGF-1R/TSHR blockade,Core-adjacent,TED,Phase 1,Recruiting/early,NCT07622368,Targets orbital signaling and TSHR axis together,Proptosis/CAS plus thyroid biomarkers,Trial-defined,"Dual-target safety, target balance and human proof unknown",Disease modification with durable control while preserving normal immunity/thyroid signaling,"Dual-target safety, target balance and human proof unknown",See cited primary/sponsor evidence,Not pooled; source-specific,2.5,1.0,1.5,1.0,1.5,1.6,Low,Registry + primary/sponsor evidence,[619]; NCT07622368,2026-09-10,R&D potential is hypothesis-weighted and explicitly separate from evidence confidence.
Lumvoa,veligrotug; VRDN-001,Viridian Therapeutics,Viridian Therapeutics,,Monoclonal antibody,Monoclonal antibody,IGF-1R,IGF-1R antagonism,Comparator,TED regardless of activity or duration (US),Approved US,FDA approved 2026-06-26,NCT05176639; NCT06021054; NCT06179875; NCT06384547,Five IV infusions every 3 weeks,"PRR, proptosis, CAS, diplopia, imaging",10 mg/kg IV Q3W ×5,"Hearing impairment, hyperglycemia, infusion reactions, IBD warning; access/geography",Disease modification with durable control while preserving normal immunity/thyroid signaling,"Hearing impairment, hyperglycemia, infusion reactions, IBD warning; access/geography",See cited primary/sponsor evidence,Not pooled; source-specific,1.0,2.0,1.0,3.0,2.5,1.7,High for TED,Regulatory/clinical,[230]; [373]; [726]; [727],2026-09-10,R&D potential is hypothesis-weighted and explicitly separate from evidence confidence.
Tepezza,teprotumumab-trbw,Amgen,Amgen,,Monoclonal antibody,Monoclonal antibody,IGF-1R,IGF-1R inhibition,Comparator,TED (US),Approved US,Approved,NCT01868997; NCT03298867; NCT03461211; NCT04583735,First-in-class TED biologic with active and chronic evidence,"PRR, proptosis, CAS, diplopia",10 mg/kg then 20 mg/kg IV Q3W ×8,"Hearing impairment, hyperglycemia, muscle spasm, infusion burden",Disease modification with durable control while preserving normal immunity/thyroid signaling,"Hearing impairment, hyperglycemia, muscle spasm, infusion burden",See cited primary/sponsor evidence,Not pooled; source-specific,1.0,2.0,1.0,3.0,1.5,1.6,High for TED,Regulatory/clinical,[190]; [191]; [274],2026-09-10,R&D potential is hypothesis-weighted and explicitly separate from evidence confidence.
Linsitinib,,Slingshot Therapeutics,Slingshot Therapeutics,,Oral small molecule,Oral small molecule,IGF-1R/insulin receptor kinase,IGF-1R-pathway inhibition,Comparator,TED,Phase 3,ORBIT recruiting,NCT05276063; NCT07753603,Oral administration,"PRR, proptosis, CAS, GO-QOL",75 or 150 mg BID in Phase 2/3,Dose-dependent GI/fatigue/transaminase signals; insulin-receptor cross activity,Disease modification with durable control while preserving normal immunity/thyroid signaling,Dose-dependent GI/fatigue/transaminase signals; insulin-receptor cross activity,See cited primary/sponsor evidence,Not pooled; source-specific,1.0,1.0,1.0,2.5,2.5,1.38,Moderate,Registry + primary/sponsor evidence,[714]; [715]; NCT07753603,2026-09-10,R&D potential is hypothesis-weighted and explicitly separate from evidence confidence.
Satralizumab,,Roche/Chugai,Roche/Chugai,,Monoclonal antibody,Monoclonal antibody,IL-6R,IL-6 receptor blockade,Adjacent,TED,Regulatory review US,Pending at cutoff; not FDA-approved for TED,NCT05987423; NCT06106828,Mixed active/inactive program and rerandomized durability design,"PRR, CAS, diplopia, IL-6 pathway",Subcutaneous trial regimen,One of two Phase 3 primary endpoints failed; multiplicity; liver/neutrophil labs,Disease modification with durable control while preserving normal immunity/thyroid signaling,One of two Phase 3 primary endpoints failed; multiplicity; liver/neutrophil labs,See cited primary/sponsor evidence,Not pooled; source-specific,0.5,1.5,1.0,2.5,2.5,1.35,Moderate,Registry + primary/sponsor evidence,[675]; [699]; [701],2026-09-10,R&D potential is hypothesis-weighted and explicitly separate from evidence confidence.
Batoclimab,IMVT-1401; RVT-1401; HL161,Immunovant,Immunovant,,FcRn monoclonal antibody,FcRn monoclonal antibody,FcRn,Broad pathogenic IgG lowering,Adjacent,GD; TED,Phase 2,Completed/earlier program interrupted,NCT03922321; NCT03938545; NCT05907668,Rapid IgG/TRAb lowering and ATD-sparing hypothesis,"Total IgG, TRAb, thyroid hormones, ATD dose",SC,"Broad IgG lowering, infections, albumin/lipids and injection-site effects; durability uncertain",Disease modification with durable control while preserving normal immunity/thyroid signaling,"Broad IgG lowering, infections, albumin/lipids and injection-site effects; durability uncertain",See cited primary/sponsor evidence,Not pooled; source-specific,1.0,1.0,0.5,2.0,2.0,1.15,Moderate,Registry + primary/sponsor evidence,[683]; NCT05907668,2026-09-10,R&D potential is hypothesis-weighted and explicitly separate from evidence confidence.
LASN01,,Laekna,Laekna,,Monoclonal antibody,Monoclonal antibody,IL-11R,IL-11R blockade,Adjacent,TED,Phase 2,Completed,NCT05331300; NCT06226545,CAS signal with distinct fibrosis/inflammation rationale,"CAS, proptosis, imaging",300/600 mg randomized cohorts,Tiny randomized sample; PRR null; sponsor-heavy evidence,Disease modification with durable control while preserving normal immunity/thyroid signaling,Tiny randomized sample; PRR null; sponsor-heavy evidence,See cited primary/sponsor evidence,Not pooled; source-specific,0.5,1.0,1.0,1.5,1.5,0.98,Low–moderate,Registry + primary/sponsor evidence,[422]; [521],2026-09-10,R&D potential is hypothesis-weighted and explicitly separate from evidence confidence.
Kamuvudine-9,K9,Inflazome/academic,Owner not fully resolved,,NRTI-derived small molecule,NRTI-derived small molecule,P2X7/NLRP3 axis,Inflammasome-modulating rationale,Adjacent,TED,Phase 2 terminated,Terminated for low enrollment,NCT06467435,Oral innate-immune pathway approach,CAS/proptosis and inflammatory biomarkers,Trial-defined,No interpretable efficacy; recruitment—not mechanism—drove termination,Disease modification with durable control while preserving normal immunity/thyroid signaling,No interpretable efficacy; recruitment—not mechanism—drove termination,See cited primary/sponsor evidence,Not pooled; source-specific,0.5,1.0,1.0,1.5,2.0,1.03,Low,Registry + primary/sponsor evidence,NCT06467435; PMID 37129905,2026-09-10,R&D potential is hypothesis-weighted and explicitly separate from evidence confidence.
Lu AG22515,,Lundbeck,Lundbeck,,Antibody,Antibody,CD40L,CD40L blockade,Adjacent,TED,Phase 1/2,Clinical development,NCT06557850,Upstream T-cell/B-cell costimulation modulation,"CAS/proptosis, immunophenotyping",Trial-defined,Systemic immune and thrombotic considerations; efficacy unknown,Disease modification with durable control while preserving normal immunity/thyroid signaling,Systemic immune and thrombotic considerations; efficacy unknown,See cited primary/sponsor evidence,Not pooled; source-specific,0.5,1.5,1.0,1.5,1.5,1.1,Low,Registry + primary/sponsor evidence,NCT06557850,2026-09-10,R&D potential is hypothesis-weighted and explicitly separate from evidence confidence.
AMG 732,,Amgen,Amgen,,Biologic,Biologic,IGF-1R,IGF-1R inhibition,Comparator,TED,Phase 2,Active,NCT06401044; NCT07438405,Next-generation IGF-1R program,PRR/CAS/diplopia,Trial-defined,Class safety and differentiation not yet established,Disease modification with durable control while preserving normal immunity/thyroid signaling,Class safety and differentiation not yet established,See cited primary/sponsor evidence,Not pooled; source-specific,1.0,1.5,1.0,1.5,2.0,1.3,Low,Registry + primary/sponsor evidence,NCT06401044; NCT07438405,2026-09-10,R&D potential is hypothesis-weighted and explicitly separate from evidence confidence.
Cizutamig,CND106,UCB,UCB,,BCMA×CD3 T-cell engager,BCMA×CD3 T-cell engager,BCMA,Plasma-cell and B-lineage depletion,Adjacent,Autoantibody-mediated disease; relevance to GD/TED,Phase 1,Early clinical,NCT07597200,Potentially deep autoantibody-source depletion,"Autoantibodies, plasma-cell/B-cell pharmacology",Trial-defined,CRS/infection and broad humoral depletion; disease-specific proof absent,Disease modification with durable control while preserving normal immunity/thyroid signaling,CRS/infection and broad humoral depletion; disease-specific proof absent,See cited primary/sponsor evidence,Not pooled; source-specific,1.5,2.5,0.5,1.0,1.0,1.43,Low,Registry + primary/sponsor evidence,[564]; [645]; NCT07597200,2026-09-10,R&D potential is hypothesis-weighted and explicitly separate from evidence confidence.
ZB001,,Zenas,Zenas,,Biologic,Biologic,IGF-1R,IGF-1R inhibition,Comparator,TED,Phase 1/2,Clinical,NCT05776121,IGF-1R class entrant,Proptosis/CAS/diplopia,Trial-defined,Differentiation and efficacy not established,Disease modification with durable control while preserving normal immunity/thyroid signaling,Differentiation and efficacy not established,See cited primary/sponsor evidence,Not pooled; source-specific,1.0,1.0,1.0,1.5,1.5,1.12,Low,Registry + primary/sponsor evidence,NCT05776121,2026-09-10,R&D potential is hypothesis-weighted and explicitly separate from evidence confidence.
KHN939,,Sponsor per registry,Unresolved,,Undisclosed,Undisclosed,Not publicly verified,Unknown—do not infer,Watchlist,TED,Clinical,Registered,NCT07720635; NCT07720648,Undisclosed,Registry endpoints,Registry-defined,Target and modality opacity,Disease modification with durable control while preserving normal immunity/thyroid signaling,Target and modality opacity,See cited primary/sponsor evidence,Not pooled; source-specific,0.0,0.0,0.0,0.5,0.5,0.12,Very low,Registry + primary/sponsor evidence,NCT07720635; NCT07720648,2026-09-10,R&D potential is hypothesis-weighted and explicitly separate from evidence confidence.
SCTT11,,Sponsor per registry,Unresolved,,Undisclosed,Undisclosed,Not publicly verified,Unknown—do not infer,Watchlist,TED,Clinical,Registered,NCT06769984,Undisclosed,Registry endpoints,Registry-defined,Target and modality opacity,Disease modification with durable control while preserving normal immunity/thyroid signaling,Target and modality opacity,See cited primary/sponsor evidence,Not pooled; source-specific,0.0,0.0,0.0,0.5,0.5,0.12,Very low,Registry + primary/sponsor evidence,NCT06769984,2026-09-10,R&D potential is hypothesis-weighted and explicitly separate from evidence confidence.
