asset,aliases,company,owner_at_cutoff,partners,modality,construct,target,mechanism,core_adjacent_tier,indication,highest_stage,status,trial_ids,differentiation,biomarker_pd_strategy,dosing_developability,safety_hypothesis,key_unmet_need,critical_risks,preclinical_models,preclinical_results,potential_driver_specificity_0_3,potential_durability_0_3,potential_selectivity_0_3,potential_translatability_0_3,potential_developability_0_3,weighted_potential_0_3,evidence_confidence,evidence_tier,source_ids,last_verified,notes,asset_scope,inventory_depth,registry_trial_count,mapping_confidence,mechanism_provenance,r_and_d_score_scope,pipeline_inclusion,data_cut,schema_version
LCA-0321,NR (no additional alias reported),Lycia Therapeutics,Lycia Therapeutics,NR (not reported in deep-curation sources),LYTAC autoantibody degrader,LYTAC autoantibody degrader,anti-TSHR autoantibodies,Antigen-specific binding and lysosomal elimination of pathogenic anti-TSHR autoantibodies,Core,GD; TED,Phase 1,"Ongoing, recruiting",CTIS 2025-524053-14-00; LCA-0321-01,Direct driver removal without intended general immunosuppression,"TRAb/TSI/TSAb, thyroid hormones, PK/ADA",SAD/MAD; planned n=48,"First-in-human; magnitude, kinetics, immunogenicity and true clinical durability unknown",Disease modification with durable control while preserving normal immunity/thyroid signaling,"First-in-human; magnitude, kinetics, immunogenicity and true clinical durability unknown",See cited primary/sponsor evidence,Not pooled; source-specific,3.0,2.0,3.0,1.0,2.0,2.35,Low,Registry + primary/sponsor evidence,[1]; CTIS 2025-524053-14-00,2026-09-10,R&D potential is hypothesis-weighted and explicitly separate from evidence confidence.,preclinical/direct program retained outside frozen ClinicalTrials.gov intervention set,deep,0,manual_primary_source_queue,Deep-curated v1 mechanism and source IDs retained; canonical registry crosswalk added where available: [1]; CTIS 2025-524053-14-00,Scored in the deep v1 priority/comparator/watchlist set; evidence confidence remains separate.,Yes,2026-09-10,2.0.0
MER511,MER511 (IV); MER511 (SC); MER511 (SC) for MAD,Merida Biosciences,Merida Biosciences; Lilly acquisition closing not independently verified at cutoff,NR (not reported in deep-curation sources),Engineered TSHR ectodomain–mutant Fc fusion,Engineered TSHR ectodomain–mutant Fc fusion,anti-TSHR autoantibodies and cognate B-cell sources,"Binds/neutralizes anti-TSHR AAbs, promotes FcγRIIB-mediated hepatic clearance, and inhibits antigen-specific B-cell function",Core,GD; potential TED,Phase 1,Recruiting,NCT07305818,Combines antibody clearance with antigen-specific source suppression while sparing TSH signaling,"TRAb/TSI/TSAb, total IgG, thyroid hormones, B-cell pharmacology",IV and SC SAD/MAD,"Preclinical claims sponsor-derived; human selectivity, safety, durability and SC exposure unknown",Disease modification with durable control while preserving normal immunity/thyroid signaling,"Preclinical claims sponsor-derived; human selectivity, safety, durability and SC exposure unknown",See cited primary/sponsor evidence,Not pooled; source-specific,3.0,3.0,3.0,2.0,2.0,2.75,Low–moderate,Registry + primary/sponsor evidence,[6]; [7]; [8]; NCT07305818; ClinicalTrials.gov,2026-09-10,R&D potential is hypothesis-weighted and explicitly separate from evidence confidence.,pipeline/approved asset,deep,1,high,Deep-curated v1 mechanism and source IDs retained; canonical registry crosswalk added where available: [6]; [7]; [8]; NCT07305818; ClinicalTrials.gov,Scored in the deep v1 priority/comparator/watchlist set; evidence confidence remains separate.,Yes,2026-09-10,2.0.0
GenSci098 / YB-101,GenSci098; YB-101; Experimental: YB-101,GenSci,GenSci,NR (not reported in deep-curation sources),Monoclonal antibody,Monoclonal antibody,TSHR,TSHR blockade / antagonism,Core,GD,Phase 2,Active development,NCT06569758; NCT07286656; NCT07682896,Direct receptor antagonism,"TRAb, FT3/FT4, TSH, ATD use",Trial-defined,Normal TSH signaling blockade and limited public clinical efficacy,Disease modification with durable control while preserving normal immunity/thyroid signaling,Normal TSH signaling blockade and limited public clinical efficacy,See cited primary/sponsor evidence,Not pooled; source-specific,3.0,1.0,2.0,2.0,2.0,2.05,Moderate,Registry + primary/sponsor evidence,[541]; NCT06569758; NCT07286656; NCT07682896; ClinicalTrials.gov,2026-09-10,R&D potential is hypothesis-weighted and explicitly separate from evidence confidence.,pipeline/approved asset,deep,3,high,Deep-curated v1 mechanism and source IDs retained; canonical registry crosswalk added where available: [541]; NCT06569758; NCT07286656; NCT07682896; ClinicalTrials.gov,Scored in the deep v1 priority/comparator/watchlist set; evidence confidence remains separate.,Yes,2026-09-10,2.0.0
K1-70,K1-70 intramuscular or K1-70 intravenous,AV7 / academic collaborators,Owner not fully resolved,NR (not reported in deep-curation sources),TSHR-blocking monoclonal autoantibody,TSHR-blocking monoclonal autoantibody,TSHR,Competitive receptor blockade,Core,GD; TED,Phase 1,Early clinical,NCT02904330; Japanese Phase 1 publication,Directly blocks stimulating autoantibody signaling,"TSHR bioassay, FT3/FT4/TSH",IV/clinical study defined,Could suppress physiologic TSHR signaling; small cohorts,Disease modification with durable control while preserving normal immunity/thyroid signaling,Could suppress physiologic TSHR signaling; small cohorts,See cited primary/sponsor evidence,Not pooled; source-specific,3.0,1.0,2.0,2.0,2.0,2.05,Moderate,Registry + primary/sponsor evidence,[164]; NCT02904330; ClinicalTrials.gov,2026-09-10,R&D potential is hypothesis-weighted and explicitly separate from evidence confidence.,pipeline/approved asset,deep,1,high,Deep-curated v1 mechanism and source IDs retained; canonical registry crosswalk added where available: [164]; NCT02904330; ClinicalTrials.gov,Scored in the deep v1 priority/comparator/watchlist set; evidence confidence remains separate.,Yes,2026-09-10,2.0.0
ATX-GD-59,NR (no additional alias reported),Apitope / Worg,Owner/status uncertain,NR (not reported in deep-curation sources),TSHR peptide immunotherapy,TSHR peptide immunotherapy,TSHR-reactive T cells,Antigen-specific immune tolerance,Core,GD,Phase 1 completed,Completed; follow-on WP1302 suspended,NCT02973802; NCT06240455,Potential durable antigen-specific tolerance,"TBII/TSAb, FT3/FT4/TSH, ATD-free status",10 intradermal doses in Phase 1,Uncontrolled signal and spontaneous remission confounding; WP1302 recruitment infeasible,Disease modification with durable control while preserving normal immunity/thyroid signaling,Uncontrolled signal and spontaneous remission confounding; WP1302 recruitment infeasible,See cited primary/sponsor evidence,Not pooled; source-specific,3.0,2.0,3.0,2.0,2.0,2.5,Low–moderate,Registry + primary/sponsor evidence,[253]; NCT02973802; NCT06240455; ClinicalTrials.gov,2026-09-10,R&D potential is hypothesis-weighted and explicitly separate from evidence confidence.,pipeline/approved asset,deep,1,high,Deep-curated v1 mechanism and source IDs retained; canonical registry crosswalk added where available: [253]; NCT02973802; NCT06240455; ClinicalTrials.gov,Scored in the deep v1 priority/comparator/watchlist set; evidence confidence remains separate.,Yes,2026-09-10,2.0.0
IBI3031,NR (no additional alias reported),Innovent,Innovent,NR (not reported in deep-curation sources),Bispecific antibody,Bispecific antibody,IGF-1R and TSHR,Dual IGF-1R/TSHR blockade,Core-adjacent,TED,Phase 1,Recruiting/early,NCT07622368,Targets orbital signaling and TSHR axis together,Proptosis/CAS plus thyroid biomarkers,Trial-defined,"Dual-target safety, target balance and human proof unknown",Disease modification with durable control while preserving normal immunity/thyroid signaling,"Dual-target safety, target balance and human proof unknown",See cited primary/sponsor evidence,Not pooled; source-specific,2.5,1.0,1.5,1.0,1.5,1.6,Low,Registry + primary/sponsor evidence,[619]; NCT07622368; ClinicalTrials.gov,2026-09-10,R&D potential is hypothesis-weighted and explicitly separate from evidence confidence.,pipeline/approved asset,deep,1,high,Deep-curated v1 mechanism and source IDs retained; canonical registry crosswalk added where available: [619]; NCT07622368; ClinicalTrials.gov,Scored in the deep v1 priority/comparator/watchlist set; evidence confidence remains separate.,Yes,2026-09-10,2.0.0
Veligrotug (Lumvoa),veligrotug; VRDN-001; Veligrotug | VRDN-001; Veligrotug; Lumvoa,Viridian Therapeutics,Viridian Therapeutics,NR (not reported in deep-curation sources),Monoclonal antibody,Monoclonal antibody,IGF-1R,IGF-1R antagonism,Comparator,TED regardless of activity or duration (US),Approved US,FDA approved 2026-06-26,NCT05176639; NCT06021054; NCT06179875; NCT06384547,Five IV infusions every 3 weeks,"PRR, proptosis, CAS, diplopia, imaging",10 mg/kg IV Q3W ×5,"Hearing impairment, hyperglycemia, infusion reactions, IBD warning; access/geography",Disease modification with durable control while preserving normal immunity/thyroid signaling,"Hearing impairment, hyperglycemia, infusion reactions, IBD warning; access/geography",See cited primary/sponsor evidence,Not pooled; source-specific,1.0,2.0,1.0,3.0,2.5,1.7,High for TED,Regulatory/clinical,[230]; [373]; [726]; [727]; ClinicalTrials.gov; NCT05176639; NCT06021054; NCT06179875; NCT06384547,2026-09-10,R&D potential is hypothesis-weighted and explicitly separate from evidence confidence.,pipeline/approved asset,deep,4,high,Deep-curated v1 mechanism and source IDs retained; canonical registry crosswalk added where available: [230]; [373]; [726]; [727]; ClinicalTrials.gov; NCT05176639; NCT06021054; NCT06179875; NCT06384547,Scored in the deep v1 priority/comparator/watchlist set; evidence confidence remains separate.,Yes,2026-09-10,2.0.0
Teprotumumab,teprotumumab-trbw; RV 001 | HZN-001; HZN-001; TEPEZZA | teprotumumab-trbw | HZN-001; TEPEZZA; Tepezza; TEPEZZA | HZN-001; Teprotumumab-trbw | TEPEZZA | HZN-001; Tepezza | AMG 632; Teprotumumab N01; Teprotumumab Injection [Tepezza]; Teprotumumab N01 | Insulin-like growth factor-1 receptor monoclonal antibody | IGF-1R inhibitor; teprotumumab-trbw | HZN-001; Teprotumumab | Insulin-like growth factor-1 receptor monoclonal antibody | IGF-1R inhibitor,Amgen,Amgen,NR (not reported in deep-curation sources),Monoclonal antibody,Monoclonal antibody,IGF-1R,IGF-1R inhibition,Comparator,TED (US),Approved US,Approved,NCT01868997; NCT03298867; NCT03461211; NCT04583735; NCT05002998; NCT06248619; NCT06389578; NCT06563856; NCT06674941; NCT07142642; NCT07265258; NCT07308964; NCT07594912,First-in-class TED biologic with active and chronic evidence,"PRR, proptosis, CAS, diplopia",10 mg/kg then 20 mg/kg IV Q3W ×8,"Hearing impairment, hyperglycemia, muscle spasm, infusion burden",Disease modification with durable control while preserving normal immunity/thyroid signaling,"Hearing impairment, hyperglycemia, muscle spasm, infusion burden",See cited primary/sponsor evidence,Not pooled; source-specific,1.0,2.0,1.0,3.0,1.5,1.6,High for TED,Regulatory/clinical,[190]; [191]; [274]; ClinicalTrials.gov; NCT01868997; NCT03298867; NCT03461211; NCT04583735; NCT05002998; NCT06248619; NCT06389578; NCT06563856; NCT06674941; NCT07142642; NCT07265258; NCT07308964; NCT07594912,2026-09-10,R&D potential is hypothesis-weighted and explicitly separate from evidence confidence.,pipeline/approved asset,deep,13,high,Deep-curated v1 mechanism and source IDs retained; canonical registry crosswalk added where available: [190]; [191]; [274]; ClinicalTrials.gov; NCT01868997; NCT03298867; NCT03461211; NCT04583735; NCT05002998; NCT06248619; NCT06389578; NCT06563856; NCT06674941; NCT07142642; NCT07265258; NCT07308964; NCT07594912,Scored in the deep v1 priority/comparator/watchlist set; evidence confidence remains separate.,Yes,2026-09-10,2.0.0
Linsitinib,NR (no additional alias reported),Slingshot Therapeutics,Slingshot Therapeutics,NR (not reported in deep-curation sources),Oral small molecule,Oral small molecule,IGF-1R/insulin receptor kinase,IGF-1R-pathway inhibition,Comparator,TED,Phase 3,ORBIT recruiting,NCT05276063; NCT07753603; NCT06112340,Oral administration,"PRR, proptosis, CAS, GO-QOL",75 or 150 mg BID in Phase 2/3,Dose-dependent GI/fatigue/transaminase signals; insulin-receptor cross activity,Disease modification with durable control while preserving normal immunity/thyroid signaling,Dose-dependent GI/fatigue/transaminase signals; insulin-receptor cross activity,See cited primary/sponsor evidence,Not pooled; source-specific,1.0,1.0,1.0,2.5,2.5,1.38,Moderate,Registry + primary/sponsor evidence,[714]; [715]; NCT07753603; ClinicalTrials.gov; NCT05276063; NCT06112340,2026-09-10,R&D potential is hypothesis-weighted and explicitly separate from evidence confidence.,pipeline/approved asset,deep,3,high,Deep-curated v1 mechanism and source IDs retained; canonical registry crosswalk added where available: [714]; [715]; NCT07753603; ClinicalTrials.gov; NCT05276063; NCT06112340,Scored in the deep v1 priority/comparator/watchlist set; evidence confidence remains separate.,Yes,2026-09-10,2.0.0
Satralizumab,NR (no additional alias reported),Roche/Chugai,Roche/Chugai,NR (not reported in deep-curation sources),Monoclonal antibody,Monoclonal antibody,IL-6R,IL-6 receptor blockade,Adjacent,TED,Regulatory review US,Pending at cutoff; not FDA-approved for TED,NCT05987423; NCT06106828,Mixed active/inactive program and rerandomized durability design,"PRR, CAS, diplopia, IL-6 pathway",Subcutaneous trial regimen,One of two Phase 3 primary endpoints failed; multiplicity; liver/neutrophil labs,Disease modification with durable control while preserving normal immunity/thyroid signaling,One of two Phase 3 primary endpoints failed; multiplicity; liver/neutrophil labs,See cited primary/sponsor evidence,Not pooled; source-specific,0.5,1.5,1.0,2.5,2.5,1.35,Moderate,Registry + primary/sponsor evidence,[675]; [699]; [701]; ClinicalTrials.gov; NCT05987423; NCT06106828,2026-09-10,R&D potential is hypothesis-weighted and explicitly separate from evidence confidence.,pipeline/approved asset,deep,2,high,Deep-curated v1 mechanism and source IDs retained; canonical registry crosswalk added where available: [675]; [699]; [701]; ClinicalTrials.gov; NCT05987423; NCT06106828,Scored in the deep v1 priority/comparator/watchlist set; evidence confidence remains separate.,Yes,2026-09-10,2.0.0
Batoclimab,IMVT-1401; RVT-1401; HL161; RVT-1401 (Administered via subcutaneous injection); HBM9161 680 mg qw by q2w from week 13; HBM9161 680 mg qw by q2w from week 7; IMVT-1401 (batoclimab) | IMVT-1401; IMVT-1401 (batoclimab),Immunovant,Immunovant,NR (not reported in deep-curation sources),FcRn monoclonal antibody,FcRn monoclonal antibody,FcRn,Broad pathogenic IgG lowering,Adjacent,GD; TED,Phase 2,Completed/earlier program interrupted,NCT03922321; NCT03938545; NCT05907668; NCT05015127; NCT05517421; NCT05517447; NCT05524571,Rapid IgG/TRAb lowering and ATD-sparing hypothesis,"Total IgG, TRAb, thyroid hormones, ATD dose",SC,"Broad IgG lowering, infections, albumin/lipids and injection-site effects; durability uncertain",Disease modification with durable control while preserving normal immunity/thyroid signaling,"Broad IgG lowering, infections, albumin/lipids and injection-site effects; durability uncertain",See cited primary/sponsor evidence,Not pooled; source-specific,1.0,1.0,0.5,2.0,2.0,1.15,Moderate,Registry + primary/sponsor evidence,[683]; NCT05907668; ClinicalTrials.gov; NCT03922321; NCT03938545; NCT05015127; NCT05517421; NCT05517447; NCT05524571,2026-09-10,R&D potential is hypothesis-weighted and explicitly separate from evidence confidence.,pipeline/approved asset,deep,7,high,Deep-curated v1 mechanism and source IDs retained; canonical registry crosswalk added where available: [683]; NCT05907668; ClinicalTrials.gov; NCT03922321; NCT03938545; NCT05015127; NCT05517421; NCT05517447; NCT05524571,Scored in the deep v1 priority/comparator/watchlist set; evidence confidence remains separate.,Yes,2026-09-10,2.0.0
LASN01,Low-dose LASN01; High-dose LASN01,Laekna,Laekna,NR (not reported in deep-curation sources),Monoclonal antibody,Monoclonal antibody,IL-11R,IL-11R blockade,Adjacent,TED,Phase 2,Completed,NCT05331300; NCT06226545,CAS signal with distinct fibrosis/inflammation rationale,"CAS, proptosis, imaging",300/600 mg randomized cohorts,Tiny randomized sample; PRR null; sponsor-heavy evidence,Disease modification with durable control while preserving normal immunity/thyroid signaling,Tiny randomized sample; PRR null; sponsor-heavy evidence,See cited primary/sponsor evidence,Not pooled; source-specific,0.5,1.0,1.0,1.5,1.5,0.98,Low–moderate,Registry + primary/sponsor evidence,[422]; [521]; ClinicalTrials.gov; NCT05331300; NCT06226545,2026-09-10,R&D potential is hypothesis-weighted and explicitly separate from evidence confidence.,pipeline/approved asset,deep,2,high,Deep-curated v1 mechanism and source IDs retained; canonical registry crosswalk added where available: [422]; [521]; ClinicalTrials.gov; NCT05331300; NCT06226545,Scored in the deep v1 priority/comparator/watchlist set; evidence confidence remains separate.,Yes,2026-09-10,2.0.0
Kamuvudine-9 (K9),K9; Kamuvudine-9 | K9; Kamuvudine-9,Inflazome/academic,Owner not fully resolved,NR (not reported in deep-curation sources),NRTI-derived small molecule,NRTI-derived small molecule,P2X7/NLRP3 axis,Inflammasome-modulating rationale,Adjacent,TED,Phase 2 terminated,Terminated for low enrollment,NCT06467435,Oral innate-immune pathway approach,CAS/proptosis and inflammatory biomarkers,Trial-defined,No interpretable efficacy; recruitment—not mechanism—drove termination,Disease modification with durable control while preserving normal immunity/thyroid signaling,No interpretable efficacy; recruitment—not mechanism—drove termination,See cited primary/sponsor evidence,Not pooled; source-specific,0.5,1.0,1.0,1.5,2.0,1.03,Low,Registry + primary/sponsor evidence,NCT06467435; PMID 37129905; ClinicalTrials.gov,2026-09-10,R&D potential is hypothesis-weighted and explicitly separate from evidence confidence.,pipeline/approved asset,deep,1,high,Deep-curated v1 mechanism and source IDs retained; canonical registry crosswalk added where available: NCT06467435; PMID 37129905; ClinicalTrials.gov,Scored in the deep v1 priority/comparator/watchlist set; evidence confidence remains separate.,Yes,2026-09-10,2.0.0
Lu AG22515,NR (no additional alias reported),Lundbeck,Lundbeck,NR (not reported in deep-curation sources),Antibody,Antibody,CD40L,CD40L blockade,Adjacent,TED,Phase 1/2,Clinical development,NCT06557850,Upstream T-cell/B-cell costimulation modulation,"CAS/proptosis, immunophenotyping",Trial-defined,Systemic immune and thrombotic considerations; efficacy unknown,Disease modification with durable control while preserving normal immunity/thyroid signaling,Systemic immune and thrombotic considerations; efficacy unknown,See cited primary/sponsor evidence,Not pooled; source-specific,0.5,1.5,1.0,1.5,1.5,1.1,Low,Registry + primary/sponsor evidence,NCT06557850; ClinicalTrials.gov,2026-09-10,R&D potential is hypothesis-weighted and explicitly separate from evidence confidence.,pipeline/approved asset,deep,1,high,Deep-curated v1 mechanism and source IDs retained; canonical registry crosswalk added where available: NCT06557850; ClinicalTrials.gov,Scored in the deep v1 priority/comparator/watchlist set; evidence confidence remains separate.,Yes,2026-09-10,2.0.0
AMG 732,NR (no additional alias reported),Amgen,Amgen,NR (not reported in deep-curation sources),Biologic,Biologic,IGF-1R,IGF-1R inhibition,Comparator,TED,Phase 2,Active,NCT06401044; NCT07438405,Next-generation IGF-1R program,PRR/CAS/diplopia,Trial-defined,Class safety and differentiation not yet established,Disease modification with durable control while preserving normal immunity/thyroid signaling,Class safety and differentiation not yet established,See cited primary/sponsor evidence,Not pooled; source-specific,1.0,1.5,1.0,1.5,2.0,1.3,Low,Registry + primary/sponsor evidence,NCT06401044; NCT07438405; ClinicalTrials.gov,2026-09-10,R&D potential is hypothesis-weighted and explicitly separate from evidence confidence.,pipeline/approved asset,deep,2,high,Deep-curated v1 mechanism and source IDs retained; canonical registry crosswalk added where available: NCT06401044; NCT07438405; ClinicalTrials.gov,Scored in the deep v1 priority/comparator/watchlist set; evidence confidence remains separate.,Yes,2026-09-10,2.0.0
Cizutamig (CND106),CND106; Cizutamig will be dosed according to the protocol.; Cizutamig,UCB,UCB,NR (not reported in deep-curation sources),BCMA×CD3 T-cell engager,BCMA×CD3 bispecific T-cell engager,BCMA×CD3,BCMA-directed plasma-cell/B-lineage depletion through CD3 T-cell engagement,Adjacent,Autoantibody-mediated disease; relevance to GD/TED,Phase 1,Early clinical,NCT07597200,Potentially deep autoantibody-source depletion,"Autoantibodies, plasma-cell/B-cell pharmacology",Trial-defined,CRS/infection and broad humoral depletion; disease-specific proof absent,Disease modification with durable control while preserving normal immunity/thyroid signaling,CRS/infection and broad humoral depletion; disease-specific proof absent,See cited primary/sponsor evidence,Not pooled; source-specific,1.5,2.5,0.5,1.0,1.0,1.43,Low,Registry + primary/sponsor evidence,[564]; [645]; NCT07597200; ClinicalTrials.gov,2026-09-10,R&D potential is hypothesis-weighted and explicitly separate from evidence confidence.,pipeline/approved asset,deep,1,high,"Deep-curated primary/sponsor and registry sources identify CND106/cizutamig as a BCMA×CD3 T-cell engager [564, 645].",Scored in the deep v1 priority/comparator/watchlist set; evidence confidence remains separate.,Yes,2026-09-10,2.0.0
ZB001,ZB001 for injection,Zenas,Zenas,NR (not reported in deep-curation sources),Biologic,Biologic,IGF-1R,IGF-1R inhibition,Comparator,TED,Phase 1/2,Clinical,NCT05776121,IGF-1R class entrant,Proptosis/CAS/diplopia,Trial-defined,Differentiation and efficacy not established,Disease modification with durable control while preserving normal immunity/thyroid signaling,Differentiation and efficacy not established,See cited primary/sponsor evidence,Not pooled; source-specific,1.0,1.0,1.0,1.5,1.5,1.12,Low,Registry + primary/sponsor evidence,NCT05776121; ClinicalTrials.gov,2026-09-10,R&D potential is hypothesis-weighted and explicitly separate from evidence confidence.,pipeline/approved asset,deep,1,high,Deep-curated v1 mechanism and source IDs retained; canonical registry crosswalk added where available: NCT05776121; ClinicalTrials.gov,Scored in the deep v1 priority/comparator/watchlist set; evidence confidence remains separate.,Yes,2026-09-10,2.0.0
KHN939,NR (no additional alias reported),Sponsor per registry,Unresolved,NR (not reported in deep-curation sources),Undisclosed,Undisclosed,Not publicly verified,Unknown—do not infer,Watchlist,TED,Clinical,Registered,NCT07720635; NCT07720648,Undisclosed,Registry endpoints,Registry-defined,Target and modality opacity,Disease modification with durable control while preserving normal immunity/thyroid signaling,Target and modality opacity,See cited primary/sponsor evidence,Not pooled; source-specific,0.0,0.0,0.0,0.5,0.5,0.12,Very low,Registry + primary/sponsor evidence,NCT07720635; NCT07720648; ClinicalTrials.gov,2026-09-10,R&D potential is hypothesis-weighted and explicitly separate from evidence confidence.,unknown-but-retained,deep,2,high,Deep-curated v1 mechanism and source IDs retained; canonical registry crosswalk added where available: NCT07720635; NCT07720648; ClinicalTrials.gov,Scored in the deep v1 priority/comparator/watchlist set; evidence confidence remains separate.,Yes,2026-09-10,2.0.0
SCTT11,NR (no additional alias reported),Sponsor per registry,Unresolved,NR (not reported in deep-curation sources),Undisclosed,Undisclosed,Not publicly verified,Unknown—do not infer,Watchlist,TED,Clinical,Registered,NCT06769984,Undisclosed,Registry endpoints,Registry-defined,Target and modality opacity,Disease modification with durable control while preserving normal immunity/thyroid signaling,Target and modality opacity,See cited primary/sponsor evidence,Not pooled; source-specific,0.0,0.0,0.0,0.5,0.5,0.12,Very low,Registry + primary/sponsor evidence,NCT06769984; ClinicalTrials.gov,2026-09-10,R&D potential is hypothesis-weighted and explicitly separate from evidence confidence.,unknown-but-retained,deep,1,high,Deep-curated v1 mechanism and source IDs retained; canonical registry crosswalk added where available: NCT06769984; ClinicalTrials.gov,Scored in the deep v1 priority/comparator/watchlist set; evidence confidence remains separate.,Yes,2026-09-10,2.0.0
Aflibercept,Sub-tenon injection of saline followed by a sub-tenon injection of aflibercept | Group 1; Sub-tenon injection of hyaluronidase (HA) followed by a sub-tenon injection of aflibercept | Group 2; Group 1; Group 2; Sub-tenon injection of saline followed by a sub-tenon injection of aflibercept; Sub-tenon injection of hyaluronidase (HA) followed by a sub-tenon injection of aflibercept,Massachusetts Eye and Ear Infirmary,Massachusetts Eye and Ear Infirmary,NR (not deeply assessed; completeness row),DRUG (registry classification),NR (not deeply assessed; completeness row),VEGF-A/PlGF,VEGF pathway inhibition,Completeness,Active TED,Highest registered phase: PHASE2,Registered statuses: COMPLETED,NCT04311606,NR (not deeply assessed; completeness row),NR (not deeply assessed; completeness row),NR (not deeply assessed; completeness row),NR (not deeply assessed; completeness row),NR (not deeply assessed; completeness row),NR (not deeply assessed; completeness row),NR (not deeply assessed; completeness row),NR (not deeply assessed; completeness row),NA (not scored; completeness row),NA (not scored; completeness row),NA (not scored; completeness row),NA (not scored; completeness row),NA (not scored; completeness row),NA (not scored; completeness row),Low (registry-level completeness row; not an efficacy judgment),Frozen official registry protocol + curated intervention mapping,ClinicalTrials.gov; NCT04311606,2026-09-10,Completeness row retained in the full inventory; not deeply assessed and not included in R&D potential ranking.,pipeline/approved asset,completeness,1,high,Curated crosswalk target/mechanism mapping linked to frozen registry records; source depth varies by asset.,NA (not scored; completeness row),Yes,2026-09-10,2.0.0
Allogeneic CD19/BCMA CAR-T,Allogeneic CAR-T; allogenic anti-CD19/BCMA CAR-T,Shanghai Zhongshan Hospital,Shanghai Zhongshan Hospital,NR (not deeply assessed; completeness row),BIOLOGICAL (registry classification),NR (not deeply assessed; completeness row),CD19/BCMA,CD19/BCMA-directed CAR-T,Completeness,GD / autoimmune hyperthyroidism,Highest registered phase: EARLY_PHASE1,Registered statuses: RECRUITING,NCT07129642; NCT07261345,NR (not deeply assessed; completeness row),NR (not deeply assessed; completeness row),NR (not deeply assessed; completeness row),NR (not deeply assessed; completeness row),NR (not deeply assessed; completeness row),NR (not deeply assessed; completeness row),NR (not deeply assessed; completeness row),NR (not deeply assessed; completeness row),NA (not scored; completeness row),NA (not scored; completeness row),NA (not scored; completeness row),NA (not scored; completeness row),NA (not scored; completeness row),NA (not scored; completeness row),Low (registry-level completeness row; not an efficacy judgment),Frozen official registry protocol + curated intervention mapping,ClinicalTrials.gov; NCT07129642; ClinicalTrials.gov; NCT07261345,2026-09-10,Completeness row retained in the full inventory; not deeply assessed and not included in R&D potential ranking.,pipeline/approved asset,completeness,2,high,Curated crosswalk target/mechanism mapping linked to frozen registry records; source depth varies by asset.,NA (not scored; completeness row),Yes,2026-09-10,2.0.0
BHV-1300,NR (no additional alias reported),Biohaven Therapeutics Ltd.,Biohaven Therapeutics Ltd.,NR (not deeply assessed; completeness row),DRUG (registry classification),NR (not deeply assessed; completeness row),IgG/extracellular degradation pathway,IgG-directed extracellular protein degradation,Completeness,GD / autoimmune hyperthyroidism,Highest registered phase: PHASE3,Registered statuses: RECRUITING,NCT06980649; NCT07661056,NR (not deeply assessed; completeness row),NR (not deeply assessed; completeness row),NR (not deeply assessed; completeness row),NR (not deeply assessed; completeness row),NR (not deeply assessed; completeness row),NR (not deeply assessed; completeness row),NR (not deeply assessed; completeness row),NR (not deeply assessed; completeness row),NA (not scored; completeness row),NA (not scored; completeness row),NA (not scored; completeness row),NA (not scored; completeness row),NA (not scored; completeness row),NA (not scored; completeness row),Low (registry-level completeness row; not an efficacy judgment),Frozen official registry protocol + curated intervention mapping,ClinicalTrials.gov; NCT06980649; ClinicalTrials.gov; NCT07661056,2026-09-10,Completeness row retained in the full inventory; not deeply assessed and not included in R&D potential ranking.,pipeline/approved asset,completeness,2,high,Curated crosswalk target/mechanism mapping linked to frozen registry records; source depth varies by asset.,NA (not scored; completeness row),Yes,2026-09-10,2.0.0
Celecoxib,Celebrex,Johns Hopkins University,Johns Hopkins University,NR (not deeply assessed; completeness row),DRUG (registry classification),NR (not deeply assessed; completeness row),COX-2,COX-2 inhibition,Completeness,Active TED,Highest registered phase: PHASE2,Registered statuses: TERMINATED,NCT02845336,NR (not deeply assessed; completeness row),NR (not deeply assessed; completeness row),NR (not deeply assessed; completeness row),NR (not deeply assessed; completeness row),NR (not deeply assessed; completeness row),NR (not deeply assessed; completeness row),NR (not deeply assessed; completeness row),NR (not deeply assessed; completeness row),NA (not scored; completeness row),NA (not scored; completeness row),NA (not scored; completeness row),NA (not scored; completeness row),NA (not scored; completeness row),NA (not scored; completeness row),Low (registry-level completeness row; not an efficacy judgment),Frozen official registry protocol + curated intervention mapping,ClinicalTrials.gov; NCT02845336,2026-09-10,Completeness row retained in the full inventory; not deeply assessed and not included in R&D potential ranking.,pipeline/approved asset,completeness,1,high,Curated crosswalk target/mechanism mapping linked to frozen registry records; source depth varies by asset.,NA (not scored; completeness row),Yes,2026-09-10,2.0.0
Efgartigimod PH20 SC,NR (no additional alias reported),argenx,argenx,NR (not deeply assessed; completeness row),COMBINATION_PRODUCT (registry classification); BIOLOGICAL (registry classification),NR (not deeply assessed; completeness row),FcRn,FcRn inhibition,Completeness,Active moderate-to-severe TED; GD / autoimmune hyperthyroidism,Highest registered phase: PHASE3,Registered statuses: TERMINATED; RECRUITING,NCT06307613; NCT06307626; NCT07570316; NCT07596849,NR (not deeply assessed; completeness row),NR (not deeply assessed; completeness row),NR (not deeply assessed; completeness row),NR (not deeply assessed; completeness row),NR (not deeply assessed; completeness row),NR (not deeply assessed; completeness row),NR (not deeply assessed; completeness row),NR (not deeply assessed; completeness row),NA (not scored; completeness row),NA (not scored; completeness row),NA (not scored; completeness row),NA (not scored; completeness row),NA (not scored; completeness row),NA (not scored; completeness row),Low (registry-level completeness row; not an efficacy judgment),Frozen official registry protocol + curated intervention mapping,ClinicalTrials.gov; NCT06307613; ClinicalTrials.gov; NCT06307626; ClinicalTrials.gov; NCT07570316; ClinicalTrials.gov; NCT07596849,2026-09-10,Completeness row retained in the full inventory; not deeply assessed and not included in R&D potential ranking.,pipeline/approved asset,completeness,4,high,Curated crosswalk target/mechanism mapping linked to frozen registry records; source depth varies by asset.,NA (not scored; completeness row),Yes,2026-09-10,2.0.0
Felzartamab,BIIB148 | MOR202 | MOR03087 | TJ202,Biogen,Biogen,NR (not deeply assessed; completeness row),DRUG (registry classification),NR (not deeply assessed; completeness row),CD38,CD38 plasma-cell depletion,Completeness,GD / autoimmune hyperthyroidism,Highest registered phase: PHASE2,Registered statuses: RECRUITING,NCT07722546,NR (not deeply assessed; completeness row),NR (not deeply assessed; completeness row),NR (not deeply assessed; completeness row),NR (not deeply assessed; completeness row),NR (not deeply assessed; completeness row),NR (not deeply assessed; completeness row),NR (not deeply assessed; completeness row),NR (not deeply assessed; completeness row),NA (not scored; completeness row),NA (not scored; completeness row),NA (not scored; completeness row),NA (not scored; completeness row),NA (not scored; completeness row),NA (not scored; completeness row),Low (registry-level completeness row; not an efficacy judgment),Frozen official registry protocol + curated intervention mapping,ClinicalTrials.gov; NCT07722546,2026-09-10,Completeness row retained in the full inventory; not deeply assessed and not included in R&D potential ranking.,pipeline/approved asset,completeness,1,high,Curated crosswalk target/mechanism mapping linked to frozen registry records; source depth varies by asset.,NA (not scored; completeness row),Yes,2026-09-10,2.0.0
HN2301 in-vivo CAR-T,In Vivo CAR-T Therapy | HN2301; HN2301; In Vivo CAR-T Therapy,Shanghai Zhongshan Hospital,Shanghai Zhongshan Hospital,NR (not deeply assessed; completeness row),BIOLOGICAL (registry classification),NR (not deeply assessed; completeness row),CD19/BCMA,In-vivo CD19/BCMA-directed CAR-T,Completeness,GD / autoimmune hyperthyroidism,Highest registered phase: EARLY_PHASE1,Registered statuses: RECRUITING,NCT07333677,NR (not deeply assessed; completeness row),NR (not deeply assessed; completeness row),NR (not deeply assessed; completeness row),NR (not deeply assessed; completeness row),NR (not deeply assessed; completeness row),NR (not deeply assessed; completeness row),NR (not deeply assessed; completeness row),NR (not deeply assessed; completeness row),NA (not scored; completeness row),NA (not scored; completeness row),NA (not scored; completeness row),NA (not scored; completeness row),NA (not scored; completeness row),NA (not scored; completeness row),Low (registry-level completeness row; not an efficacy judgment),Frozen official registry protocol + curated intervention mapping,ClinicalTrials.gov; NCT07333677,2026-09-10,Completeness row retained in the full inventory; not deeply assessed and not included in R&D potential ranking.,pipeline/approved asset,completeness,1,high,Curated crosswalk target/mechanism mapping linked to frozen registry records; source depth varies by asset.,NA (not scored; completeness row),Yes,2026-09-10,2.0.0
Hydroxychloroquine,Plaquenil,National Taiwan University Hospital,National Taiwan University Hospital,NR (not deeply assessed; completeness row),DRUG (registry classification),NR (not deeply assessed; completeness row),Pleiotropic immune pathways,Hydroxychloroquine immunomodulation,Completeness,Mild TED,Highest registered phase: PHASE4,Registered statuses: RECRUITING,NCT05126147,NR (not deeply assessed; completeness row),NR (not deeply assessed; completeness row),NR (not deeply assessed; completeness row),NR (not deeply assessed; completeness row),NR (not deeply assessed; completeness row),NR (not deeply assessed; completeness row),NR (not deeply assessed; completeness row),NR (not deeply assessed; completeness row),NA (not scored; completeness row),NA (not scored; completeness row),NA (not scored; completeness row),NA (not scored; completeness row),NA (not scored; completeness row),NA (not scored; completeness row),Low (registry-level completeness row; not an efficacy judgment),Frozen official registry protocol + curated intervention mapping,ClinicalTrials.gov; NCT05126147,2026-09-10,Completeness row retained in the full inventory; not deeply assessed and not included in R&D potential ranking.,pipeline/approved asset,completeness,1,high,Curated crosswalk target/mechanism mapping linked to frozen registry records; source depth varies by asset.,NA (not scored; completeness row),Yes,2026-09-10,2.0.0
IBI311,IBI311 (20 mg); IBI311 (3-20 mg); IBI311 (10 mg); IBI311 (3-10mg/kg),Innovent Biologics (Suzhou) Co. Ltd.; Shanghai Changzheng Hospital; Peking University People's Hospital,Innovent Biologics (Suzhou) Co. Ltd.; Shanghai Changzheng Hospital; Peking University People's Hospital,NR (not deeply assessed; completeness row),BIOLOGICAL (registry classification); DRUG (registry classification),NR (not deeply assessed; completeness row),IGF-1R,IGF-1R inhibition,Completeness,"Active TED; Active moderate-to-severe TED; Chronic/inactive TED; TED, active and chronic/inactive cohorts",Highest registered phase: PHASE4,Registered statuses: COMPLETED; RECRUITING,NCT05795621; NCT06126783; NCT06269393; NCT06525506; NCT07113262; NCT07152340; NCT07152366; NCT07152392,NR (not deeply assessed; completeness row),NR (not deeply assessed; completeness row),NR (not deeply assessed; completeness row),NR (not deeply assessed; completeness row),NR (not deeply assessed; completeness row),NR (not deeply assessed; completeness row),NR (not deeply assessed; completeness row),NR (not deeply assessed; completeness row),NA (not scored; completeness row),NA (not scored; completeness row),NA (not scored; completeness row),NA (not scored; completeness row),NA (not scored; completeness row),NA (not scored; completeness row),Low (registry-level completeness row; not an efficacy judgment),Frozen official registry protocol + curated intervention mapping,ClinicalTrials.gov; NCT05795621; ClinicalTrials.gov; NCT06126783; ClinicalTrials.gov; NCT06269393; ClinicalTrials.gov; NCT06525506; ClinicalTrials.gov; NCT07113262; ClinicalTrials.gov; NCT07152340; ClinicalTrials.gov; NCT07152366; ClinicalTrials.gov; NCT07152392,2026-09-10,Completeness row retained in the full inventory; not deeply assessed and not included in R&D potential ranking.,pipeline/approved asset,completeness,8,high,Curated crosswalk target/mechanism mapping linked to frozen registry records; source depth varies by asset.,NA (not scored; completeness row),Yes,2026-09-10,2.0.0
IMVT-1402,NR (no additional alias reported),Immunovant Sciences GmbH,Immunovant Sciences GmbH,NR (not deeply assessed; completeness row),DRUG (registry classification),NR (not deeply assessed; completeness row),FcRn,FcRn inhibition,Completeness,GD / autoimmune hyperthyroidism,Highest registered phase: PHASE2,Registered statuses: RECRUITING; ENROLLING_BY_INVITATION,NCT06727604; NCT07018323; NCT07286006,NR (not deeply assessed; completeness row),NR (not deeply assessed; completeness row),NR (not deeply assessed; completeness row),NR (not deeply assessed; completeness row),NR (not deeply assessed; completeness row),NR (not deeply assessed; completeness row),NR (not deeply assessed; completeness row),NR (not deeply assessed; completeness row),NA (not scored; completeness row),NA (not scored; completeness row),NA (not scored; completeness row),NA (not scored; completeness row),NA (not scored; completeness row),NA (not scored; completeness row),Low (registry-level completeness row; not an efficacy judgment),Frozen official registry protocol + curated intervention mapping,ClinicalTrials.gov; NCT06727604; ClinicalTrials.gov; NCT07018323; ClinicalTrials.gov; NCT07286006,2026-09-10,Completeness row retained in the full inventory; not deeply assessed and not included in R&D potential ranking.,pipeline/approved asset,completeness,3,high,Curated crosswalk target/mechanism mapping linked to frozen registry records; source depth varies by asset.,NA (not scored; completeness row),Yes,2026-09-10,2.0.0
Iscalimab (CFZ533),CFZ533,Novartis Pharmaceuticals,Novartis Pharmaceuticals,NR (not deeply assessed; completeness row),DRUG (registry classification),NR (not deeply assessed; completeness row),CD40,CD40 blockade,Completeness,GD / autoimmune hyperthyroidism,Highest registered phase: PHASE2,Registered statuses: COMPLETED,NCT02713256,NR (not deeply assessed; completeness row),NR (not deeply assessed; completeness row),NR (not deeply assessed; completeness row),NR (not deeply assessed; completeness row),NR (not deeply assessed; completeness row),NR (not deeply assessed; completeness row),NR (not deeply assessed; completeness row),NR (not deeply assessed; completeness row),NA (not scored; completeness row),NA (not scored; completeness row),NA (not scored; completeness row),NA (not scored; completeness row),NA (not scored; completeness row),NA (not scored; completeness row),Low (registry-level completeness row; not an efficacy judgment),Frozen official registry protocol + curated intervention mapping,ClinicalTrials.gov; NCT02713256,2026-09-10,Completeness row retained in the full inventory; not deeply assessed and not included in R&D potential ranking.,pipeline/approved asset,completeness,1,high,Curated crosswalk target/mechanism mapping linked to frozen registry records; source depth varies by asset.,NA (not scored; completeness row),Yes,2026-09-10,2.0.0
Lanreotide,"Lanreotide (Autogel formulation). Duration of treatment - 3 injections, 1 every 28 days",Ipsen,Ipsen,NR (not deeply assessed; completeness row),DRUG (registry classification),NR (not deeply assessed; completeness row),Somatostatin receptors,Somatostatin-receptor agonism,Completeness,Active TED,Highest registered phase: PHASE2,Registered statuses: TERMINATED,NCT00288522,NR (not deeply assessed; completeness row),NR (not deeply assessed; completeness row),NR (not deeply assessed; completeness row),NR (not deeply assessed; completeness row),NR (not deeply assessed; completeness row),NR (not deeply assessed; completeness row),NR (not deeply assessed; completeness row),NR (not deeply assessed; completeness row),NA (not scored; completeness row),NA (not scored; completeness row),NA (not scored; completeness row),NA (not scored; completeness row),NA (not scored; completeness row),NA (not scored; completeness row),Low (registry-level completeness row; not an efficacy judgment),Frozen official registry protocol + curated intervention mapping,ClinicalTrials.gov; NCT00288522,2026-09-10,Completeness row retained in the full inventory; not deeply assessed and not included in R&D potential ranking.,pipeline/approved asset,completeness,1,high,Curated crosswalk target/mechanism mapping linked to frozen registry records; source depth varies by asset.,NA (not scored; completeness row),Yes,2026-09-10,2.0.0
Lonigutamab,NR (no additional alias reported),ACELYRIN Inc.,ACELYRIN Inc.,NR (not deeply assessed; completeness row),DRUG (registry classification),NR (not deeply assessed; completeness row),IGF-1R,IGF-1R inhibition,Completeness,Active TED,Highest registered phase: PHASE1; PHASE2,Registered statuses: COMPLETED,NCT05683496,NR (not deeply assessed; completeness row),NR (not deeply assessed; completeness row),NR (not deeply assessed; completeness row),NR (not deeply assessed; completeness row),NR (not deeply assessed; completeness row),NR (not deeply assessed; completeness row),NR (not deeply assessed; completeness row),NR (not deeply assessed; completeness row),NA (not scored; completeness row),NA (not scored; completeness row),NA (not scored; completeness row),NA (not scored; completeness row),NA (not scored; completeness row),NA (not scored; completeness row),Low (registry-level completeness row; not an efficacy judgment),Frozen official registry protocol + curated intervention mapping,ClinicalTrials.gov; NCT05683496,2026-09-10,Completeness row retained in the full inventory; not deeply assessed and not included in R&D potential ranking.,pipeline/approved asset,completeness,1,high,Curated crosswalk target/mechanism mapping linked to frozen registry records; source depth varies by asset.,NA (not scored; completeness row),Yes,2026-09-10,2.0.0
MHB018A,MHB018A injection,Minghui Pharmaceutical (Hangzhou) Ltd,Minghui Pharmaceutical (Hangzhou) Ltd,NR (not deeply assessed; completeness row),Humanized anti-IGF-1R antibody; VHH format reported in secondary conference coverage,Anti-IGF-1R VHH-format antibody fragment (format source depth: secondary),IGF-1R,IGF-1R inhibition,Completeness,"Active moderate-to-severe TED; Chronic/inactive TED; TED, active and chronic/inactive cohorts",Highest registered phase: PHASE3,Registered statuses: RECRUITING; NOT_YET_RECRUITING,NCT06989918; NCT07257185; NCT07262476; NCT07620405; NCT07622108; NCT07622121,NR (not deeply assessed; completeness row),NR (not deeply assessed; completeness row),NR (not deeply assessed; completeness row),NR (not deeply assessed; completeness row),NR (not deeply assessed; completeness row),NR (not deeply assessed; completeness row),NR (not deeply assessed; completeness row),NR (not deeply assessed; completeness row),NA (not scored; completeness row),NA (not scored; completeness row),NA (not scored; completeness row),NA (not scored; completeness row),NA (not scored; completeness row),NA (not scored; completeness row),Low (registry-level completeness row; not an efficacy judgment),Frozen official registry protocol + curated intervention mapping,ClinicalTrials.gov; NCT06989918; NCT07257185; NCT07262476; NCT07620405; NCT07622108; NCT07622121; [459]; [460]; [461],2026-09-10,Completeness row retained in the full inventory; not deeply assessed and not included in R&D potential ranking.,pipeline/approved asset,completeness,6,high,"Official frozen registry/ClinicalTrials.gov records identify a humanized anti-IGF-1R antibody [459, 460]; VHH format is reported by secondary conference coverage [461] and remains source-tier qualified.",NA (not scored; completeness row),Yes,2026-09-10,2.0.0
NTB003 / BCG009,NTB003; NTB003 and Placebo; BCG009,Nanjing Chia-tai Tianqing Pharmaceutical; Biocytogen,Nanjing Chia-tai Tianqing Pharmaceutical / Biocytogen co-development,Biocytogen; Nanjing Chia-tai Tianqing Pharmaceutical,Fully human monoclonal antibody,Second-generation fully human anti-IGF-1R monoclonal antibody,IGF-1R,IGF-1R inhibition,Completeness,"TED, active and chronic/inactive cohorts",Highest registered phase: PHASE1; PHASE2,Registered statuses: NOT_YET_RECRUITING,NCT07462130,NR (not deeply assessed; completeness row),NR (not deeply assessed; completeness row),NR (not deeply assessed; completeness row),NR (not deeply assessed; completeness row),NR (not deeply assessed; completeness row),NR (not deeply assessed; completeness row),NR (not deeply assessed; completeness row),NR (not deeply assessed; completeness row),NA (not scored; completeness row),NA (not scored; completeness row),NA (not scored; completeness row),NA (not scored; completeness row),NA (not scored; completeness row),NA (not scored; completeness row),Low (registry-level completeness row; not an efficacy judgment),Frozen official registry protocol + curated intervention mapping,ClinicalTrials.gov; NCT07462130; [404]; [495],2026-09-10,Completeness row retained in the full inventory; not deeply assessed and not included in R&D potential ranking.,pipeline/approved asset,completeness,1,high,Frozen trial record provides clinical provenance [404]; the developer's official announcement identifies alias BCG009 and the second-generation fully human anti-IGF-1R construct [495].,NA (not scored; completeness row),Yes,2026-09-10,2.0.0
Otelixizumab,Otelixizumab - low dose; Otelixizumab - medium low dose; Otelixizumab - medium high dose; Otelixizumab - high dose,GlaxoSmithKline,GlaxoSmithKline,NR (not deeply assessed; completeness row),DRUG (registry classification),NR (not deeply assessed; completeness row),CD3,CD3 modulation,Completeness,Active TED,Highest registered phase: PHASE2,Registered statuses: TERMINATED,NCT01114503,NR (not deeply assessed; completeness row),NR (not deeply assessed; completeness row),NR (not deeply assessed; completeness row),NR (not deeply assessed; completeness row),NR (not deeply assessed; completeness row),NR (not deeply assessed; completeness row),NR (not deeply assessed; completeness row),NR (not deeply assessed; completeness row),NA (not scored; completeness row),NA (not scored; completeness row),NA (not scored; completeness row),NA (not scored; completeness row),NA (not scored; completeness row),NA (not scored; completeness row),Low (registry-level completeness row; not an efficacy judgment),Frozen official registry protocol + curated intervention mapping,ClinicalTrials.gov; NCT01114503,2026-09-10,Completeness row retained in the full inventory; not deeply assessed and not included in R&D potential ranking.,pipeline/approved asset,completeness,1,high,Curated crosswalk target/mechanism mapping linked to frozen registry records; source depth varies by asset.,NA (not scored; completeness row),Yes,2026-09-10,2.0.0
Rabbit anti-thymocyte globulin,NR (no additional alias reported),Medical University of Silesia,Medical University of Silesia,NR (not deeply assessed; completeness row),DRUG (registry classification),NR (not deeply assessed; completeness row),T lymphocytes,Broad T-cell depletion,Completeness,Active moderate-to-severe TED,Highest registered phase: NA,Registered statuses: UNKNOWN,NCT05199103,NR (not deeply assessed; completeness row),NR (not deeply assessed; completeness row),NR (not deeply assessed; completeness row),NR (not deeply assessed; completeness row),NR (not deeply assessed; completeness row),NR (not deeply assessed; completeness row),NR (not deeply assessed; completeness row),NR (not deeply assessed; completeness row),NA (not scored; completeness row),NA (not scored; completeness row),NA (not scored; completeness row),NA (not scored; completeness row),NA (not scored; completeness row),NA (not scored; completeness row),Low (registry-level completeness row; not an efficacy judgment),Frozen official registry protocol + curated intervention mapping,ClinicalTrials.gov; NCT05199103,2026-09-10,Completeness row retained in the full inventory; not deeply assessed and not included in R&D potential ranking.,pipeline/approved asset,completeness,1,high,Curated crosswalk target/mechanism mapping linked to frozen registry records; source depth varies by asset.,NA (not scored; completeness row),Yes,2026-09-10,2.0.0
Rilzabrutinib,Rilzabrutinib dose 1 | SAR444671; Rilzabrutinib dose 2 | SAR444671; SAR444671; Rilzabrutinib dose 1; Rilzabrutinib dose 2,Sanofi,Sanofi,NR (not deeply assessed; completeness row),DRUG (registry classification),NR (not deeply assessed; completeness row),BTK,BTK inhibition,Completeness,Active TED,Highest registered phase: PHASE2,Registered statuses: RECRUITING,NCT06984627,NR (not deeply assessed; completeness row),NR (not deeply assessed; completeness row),NR (not deeply assessed; completeness row),NR (not deeply assessed; completeness row),NR (not deeply assessed; completeness row),NR (not deeply assessed; completeness row),NR (not deeply assessed; completeness row),NR (not deeply assessed; completeness row),NA (not scored; completeness row),NA (not scored; completeness row),NA (not scored; completeness row),NA (not scored; completeness row),NA (not scored; completeness row),NA (not scored; completeness row),Low (registry-level completeness row; not an efficacy judgment),Frozen official registry protocol + curated intervention mapping,ClinicalTrials.gov; NCT06984627,2026-09-10,Completeness row retained in the full inventory; not deeply assessed and not included in R&D potential ranking.,pipeline/approved asset,completeness,1,high,Curated crosswalk target/mechanism mapping linked to frozen registry records; source depth varies by asset.,NA (not scored; completeness row),Yes,2026-09-10,2.0.0
Rituximab,Rituxan | MabThera; Mabthera | Rituxan | Zytux | L01XC02,"Silkiss, Rona Z., M.D., FACS; Göteborg University; Rebecca Bahn; Odense University Hospital","Silkiss, Rona Z., M.D., FACS; Göteborg University; Rebecca Bahn; Odense University Hospital",NR (not deeply assessed; completeness row),DRUG (registry classification),NR (not deeply assessed; completeness row),CD20,CD20 B-cell depletion,Completeness,Active TED; Active moderate-to-severe TED; GD / autoimmune hyperthyroidism,Highest registered phase: PHASE4,Registered statuses: COMPLETED,NCT00150111; NCT00424151; NCT00595335; NCT02378298,NR (not deeply assessed; completeness row),NR (not deeply assessed; completeness row),NR (not deeply assessed; completeness row),NR (not deeply assessed; completeness row),NR (not deeply assessed; completeness row),NR (not deeply assessed; completeness row),NR (not deeply assessed; completeness row),NR (not deeply assessed; completeness row),NA (not scored; completeness row),NA (not scored; completeness row),NA (not scored; completeness row),NA (not scored; completeness row),NA (not scored; completeness row),NA (not scored; completeness row),Low (registry-level completeness row; not an efficacy judgment),Frozen official registry protocol + curated intervention mapping,ClinicalTrials.gov; NCT00150111; ClinicalTrials.gov; NCT00424151; ClinicalTrials.gov; NCT00595335; ClinicalTrials.gov; NCT02378298,2026-09-10,Completeness row retained in the full inventory; not deeply assessed and not included in R&D potential ranking.,pipeline/approved asset,completeness,4,high,Curated crosswalk target/mechanism mapping linked to frozen registry records; source depth varies by asset.,NA (not scored; completeness row),Yes,2026-09-10,2.0.0
Secukinumab,AIN457,Novartis Pharmaceuticals,Novartis Pharmaceuticals,NR (not deeply assessed; completeness row),DRUG (registry classification),NR (not deeply assessed; completeness row),IL-17A,IL-17A inhibition,Completeness,Active moderate-to-severe TED,Highest registered phase: PHASE3,Registered statuses: TERMINATED,NCT04737330,NR (not deeply assessed; completeness row),NR (not deeply assessed; completeness row),NR (not deeply assessed; completeness row),NR (not deeply assessed; completeness row),NR (not deeply assessed; completeness row),NR (not deeply assessed; completeness row),NR (not deeply assessed; completeness row),NR (not deeply assessed; completeness row),NA (not scored; completeness row),NA (not scored; completeness row),NA (not scored; completeness row),NA (not scored; completeness row),NA (not scored; completeness row),NA (not scored; completeness row),Low (registry-level completeness row; not an efficacy judgment),Frozen official registry protocol + curated intervention mapping,ClinicalTrials.gov; NCT04737330,2026-09-10,Completeness row retained in the full inventory; not deeply assessed and not included in R&D potential ranking.,pipeline/approved asset,completeness,1,high,Curated crosswalk target/mechanism mapping linked to frozen registry records; source depth varies by asset.,NA (not scored; completeness row),Yes,2026-09-10,2.0.0
SHR-1314,NR (no additional alias reported),"Suzhou Suncadia Biopharmaceuticals Co., Ltd.","Suzhou Suncadia Biopharmaceuticals Co., Ltd.",NR (not deeply assessed; completeness row),DRUG (registry classification),NR (not deeply assessed; completeness row),IL-6 pathway,IL-6 pathway blockade,Completeness,Active moderate-to-severe TED,Highest registered phase: PHASE2,Registered statuses: TERMINATED,NCT05394857,NR (not deeply assessed; completeness row),NR (not deeply assessed; completeness row),NR (not deeply assessed; completeness row),NR (not deeply assessed; completeness row),NR (not deeply assessed; completeness row),NR (not deeply assessed; completeness row),NR (not deeply assessed; completeness row),NR (not deeply assessed; completeness row),NA (not scored; completeness row),NA (not scored; completeness row),NA (not scored; completeness row),NA (not scored; completeness row),NA (not scored; completeness row),NA (not scored; completeness row),Low (registry-level completeness row; not an efficacy judgment),Frozen official registry protocol + curated intervention mapping,ClinicalTrials.gov; NCT05394857,2026-09-10,Completeness row retained in the full inventory; not deeply assessed and not included in R&D potential ranking.,pipeline/approved asset,completeness,1,high,Curated crosswalk target/mechanism mapping linked to frozen registry records; source depth varies by asset.,NA (not scored; completeness row),Yes,2026-09-10,2.0.0
Sirolimus (rapamycin),Sirolimus | Rapamycin; Sirolimus 1 mg Oral Tablet | Rapamycin | Rapamune; Rapamycin | Sirolimus; Rapamycin; Rapamycin | Rapamune; Sirolimus; Sirolimus 1 mg Oral Tablet,University of Pisa; Haukeland University Hospital; First Affiliated Hospital Xi'an Jiaotong University,University of Pisa; Haukeland University Hospital; First Affiliated Hospital Xi'an Jiaotong University,NR (not deeply assessed; completeness row),DRUG (registry classification),NR (not deeply assessed; completeness row),mTOR,mTOR inhibition,Completeness,Active moderate-to-severe TED,Highest registered phase: PHASE2,Registered statuses: UNKNOWN; RECRUITING,NCT04598815; NCT04936854; NCT05532072,NR (not deeply assessed; completeness row),NR (not deeply assessed; completeness row),NR (not deeply assessed; completeness row),NR (not deeply assessed; completeness row),NR (not deeply assessed; completeness row),NR (not deeply assessed; completeness row),NR (not deeply assessed; completeness row),NR (not deeply assessed; completeness row),NA (not scored; completeness row),NA (not scored; completeness row),NA (not scored; completeness row),NA (not scored; completeness row),NA (not scored; completeness row),NA (not scored; completeness row),Low (registry-level completeness row; not an efficacy judgment),Frozen official registry protocol + curated intervention mapping,ClinicalTrials.gov; NCT04598815; ClinicalTrials.gov; NCT04936854; ClinicalTrials.gov; NCT05532072,2026-09-10,Completeness row retained in the full inventory; not deeply assessed and not included in R&D potential ranking.,pipeline/approved asset,completeness,3,high,Curated crosswalk target/mechanism mapping linked to frozen registry records; source depth varies by asset.,NA (not scored; completeness row),Yes,2026-09-10,2.0.0
Technetium-99 methylene diphosphonate (99Tc-MDP),99Tc-MDP(99Technetium-Methylenediphosphonate Injection) | Yunke; Yunke; 99Tc-MDP(99Technetium-Methylenediphosphonate Injection),Dalian University,Dalian University,NR (not deeply assessed; completeness row),DRUG (registry classification),NR (not deeply assessed; completeness row),Not registry-specified,Immunomodulatory rationale; target not publicly verified here,Completeness,Active moderate-to-severe TED,Highest registered phase: PHASE4,Registered statuses: COMPLETED,NCT03948191,NR (not deeply assessed; completeness row),NR (not deeply assessed; completeness row),NR (not deeply assessed; completeness row),NR (not deeply assessed; completeness row),NR (not deeply assessed; completeness row),NR (not deeply assessed; completeness row),NR (not deeply assessed; completeness row),NR (not deeply assessed; completeness row),NA (not scored; completeness row),NA (not scored; completeness row),NA (not scored; completeness row),NA (not scored; completeness row),NA (not scored; completeness row),NA (not scored; completeness row),Low (registry-level completeness row; not an efficacy judgment),Frozen official registry protocol + curated intervention mapping,ClinicalTrials.gov; NCT03948191,2026-09-10,Completeness row retained in the full inventory; not deeply assessed and not included in R&D potential ranking.,pipeline/approved asset,completeness,1,high,Curated crosswalk target/mechanism mapping linked to frozen registry records; source depth varies by asset.,NA (not scored; completeness row),Yes,2026-09-10,2.0.0
Tocilizumab,Tocilizumab (RoActemra®); Tocilizumab 20 Mg/mL Intravenous Solution | Actemra; Tocilizumab(400mg) combined with Flupentixol Melitracen(0.5mg:10mg) | study group; Tocilizumab(400mg) | control group; Actemra; study group; control group; Tocilizumab 20 Mg/mL Intravenous Solution; Tocilizumab(400mg) combined with Flupentixol Melitracen(0.5mg:10mg); Tocilizumab(400mg),"Fondazione IRCCS Ca' Granda, Ospedale Maggiore Policlinico; Shanghai Ninth People's Hospital Affiliated to Shanghai Jiao Tong University; Hospital Clinico Universitario de Santiago; Sun Yat-sen University","Fondazione IRCCS Ca' Granda, Ospedale Maggiore Policlinico; Shanghai Ninth People's Hospital Affiliated to Shanghai Jiao Tong University; Hospital Clinico Universitario de Santiago; Sun Yat-sen University",NR (not deeply assessed; completeness row),DRUG (registry classification),NR (not deeply assessed; completeness row),IL-6R,IL-6 receptor blockade,Completeness,"Active TED; Active moderate-to-severe TED; Sight-threatening TED / dysthyroid optic neuropathy; TED, activity/severity not registry-specified",Highest registered phase: PHASE4,Registered statuses: UNKNOWN; RECRUITING; COMPLETED; WITHDRAWN,NCT01297699; NCT04876534; NCT06087731; NCT06927375,NR (not deeply assessed; completeness row),NR (not deeply assessed; completeness row),NR (not deeply assessed; completeness row),NR (not deeply assessed; completeness row),NR (not deeply assessed; completeness row),NR (not deeply assessed; completeness row),NR (not deeply assessed; completeness row),NR (not deeply assessed; completeness row),NA (not scored; completeness row),NA (not scored; completeness row),NA (not scored; completeness row),NA (not scored; completeness row),NA (not scored; completeness row),NA (not scored; completeness row),Low (registry-level completeness row; not an efficacy judgment),Frozen official registry protocol + curated intervention mapping,ClinicalTrials.gov; NCT01297699; ClinicalTrials.gov; NCT04876534; ClinicalTrials.gov; NCT06087731; ClinicalTrials.gov; NCT06927375,2026-09-10,Completeness row retained in the full inventory; not deeply assessed and not included in R&D potential ranking.,pipeline/approved asset,completeness,4,high,Curated crosswalk target/mechanism mapping linked to frozen registry records; source depth varies by asset.,NA (not scored; completeness row),Yes,2026-09-10,2.0.0
Tofacitinib,NR (no additional alias reported),The First Affiliated Hospital of Xiamen University,The First Affiliated Hospital of Xiamen University,NR (not deeply assessed; completeness row),DRUG (registry classification),NR (not deeply assessed; completeness row),JAK family,JAK inhibition,Completeness,Active moderate-to-severe TED,Highest registered phase: PHASE2,Registered statuses: RECRUITING,NCT07547930,NR (not deeply assessed; completeness row),NR (not deeply assessed; completeness row),NR (not deeply assessed; completeness row),NR (not deeply assessed; completeness row),NR (not deeply assessed; completeness row),NR (not deeply assessed; completeness row),NR (not deeply assessed; completeness row),NR (not deeply assessed; completeness row),NA (not scored; completeness row),NA (not scored; completeness row),NA (not scored; completeness row),NA (not scored; completeness row),NA (not scored; completeness row),NA (not scored; completeness row),Low (registry-level completeness row; not an efficacy judgment),Frozen official registry protocol + curated intervention mapping,ClinicalTrials.gov; NCT07547930,2026-09-10,Completeness row retained in the full inventory; not deeply assessed and not included in R&D potential ranking.,pipeline/approved asset,completeness,1,high,Curated crosswalk target/mechanism mapping linked to frozen registry records; source depth varies by asset.,NA (not scored; completeness row),Yes,2026-09-10,2.0.0
TOUR006,TOUR006 - 20 MG; TOUR006 - 50 MG,"Tourmaline Bio, Inc., a Novartis Company","Tourmaline Bio, Inc., a Novartis Company",NR (not deeply assessed; completeness row),DRUG (registry classification),NR (not deeply assessed; completeness row),IL-6 pathway,IL-6 pathway blockade,Completeness,Active moderate-to-severe TED,Highest registered phase: PHASE2,Registered statuses: ACTIVE_NOT_RECRUITING,NCT06088979,NR (not deeply assessed; completeness row),NR (not deeply assessed; completeness row),NR (not deeply assessed; completeness row),NR (not deeply assessed; completeness row),NR (not deeply assessed; completeness row),NR (not deeply assessed; completeness row),NR (not deeply assessed; completeness row),NR (not deeply assessed; completeness row),NA (not scored; completeness row),NA (not scored; completeness row),NA (not scored; completeness row),NA (not scored; completeness row),NA (not scored; completeness row),NA (not scored; completeness row),Low (registry-level completeness row; not an efficacy judgment),Frozen official registry protocol + curated intervention mapping,ClinicalTrials.gov; NCT06088979,2026-09-10,Completeness row retained in the full inventory; not deeply assessed and not included in R&D potential ranking.,pipeline/approved asset,completeness,1,high,Curated crosswalk target/mechanism mapping linked to frozen registry records; source depth varies by asset.,NA (not scored; completeness row),Yes,2026-09-10,2.0.0
Unspecified immunosuppressive agent,immunosuppressive agent | immunosuppressive regulator; immunosuppressive regulator; immunosuppressive agent,Sun Yat-sen University,Sun Yat-sen University,NR (not deeply assessed; completeness row),DRUG (registry classification),NR (not deeply assessed; completeness row),Not registry-specified,Unspecified immunosuppression,Watchlist,"TED, activity/severity not registry-specified",Highest registered phase: NA,Registered statuses: UNKNOWN,NCT05110040,NR (not deeply assessed; completeness row),NR (not deeply assessed; completeness row),NR (not deeply assessed; completeness row),NR (not deeply assessed; completeness row),NR (not deeply assessed; completeness row),NR (not deeply assessed; completeness row),NR (not deeply assessed; completeness row),NR (not deeply assessed; completeness row),NA (not scored; completeness row),NA (not scored; completeness row),NA (not scored; completeness row),NA (not scored; completeness row),NA (not scored; completeness row),NA (not scored; completeness row),Low (registry-level completeness row; not an efficacy judgment),Frozen official registry protocol + curated intervention mapping,ClinicalTrials.gov; NCT05110040,2026-09-10,Completeness row retained in the full inventory; not deeply assessed and not included in R&D potential ranking.,unknown-but-retained,completeness,1,high,Curated crosswalk target/mechanism mapping linked to frozen registry records; source depth varies by asset.,NA (not scored; completeness row),Yes,2026-09-10,2.0.0
VRDN-003,ZL-1109 (VRDN-003),"Viridian Therapeutics, Inc.; Zai Lab (Shanghai) Co., Ltd.","Viridian Therapeutics, Inc.; Zai Lab (Shanghai) Co., Ltd.",NR (not deeply assessed; completeness row),DRUG (registry classification),NR (not deeply assessed; completeness row),IGF-1R,IGF-1R inhibition,Completeness,"Active moderate-to-severe TED; Chronic/inactive TED; TED, any CAS / mixed activity",Highest registered phase: PHASE3,Registered statuses: ACTIVE_NOT_RECRUITING; COMPLETED,NCT06625398; NCT06625411; NCT06812325; NCT07155668; NCT07211776,NR (not deeply assessed; completeness row),NR (not deeply assessed; completeness row),NR (not deeply assessed; completeness row),NR (not deeply assessed; completeness row),NR (not deeply assessed; completeness row),NR (not deeply assessed; completeness row),NR (not deeply assessed; completeness row),NR (not deeply assessed; completeness row),NA (not scored; completeness row),NA (not scored; completeness row),NA (not scored; completeness row),NA (not scored; completeness row),NA (not scored; completeness row),NA (not scored; completeness row),Low (registry-level completeness row; not an efficacy judgment),Frozen official registry protocol + curated intervention mapping,ClinicalTrials.gov; NCT06625398; ClinicalTrials.gov; NCT06625411; ClinicalTrials.gov; NCT06812325; ClinicalTrials.gov; NCT07155668; ClinicalTrials.gov; NCT07211776,2026-09-10,Completeness row retained in the full inventory; not deeply assessed and not included in R&D potential ranking.,pipeline/approved asset,completeness,5,high,Curated crosswalk target/mechanism mapping linked to frozen registry records; source depth varies by asset.,NA (not scored; completeness row),Yes,2026-09-10,2.0.0
WP1302,NR (no additional alias reported),Worg Biotherapeutics Inc.,Worg Biotherapeutics Inc.,NR (not deeply assessed; completeness row),DRUG (registry classification),NR (not deeply assessed; completeness row),TSHR-reactive T cells,TSHR antigen-specific tolerance,Completeness,GD / autoimmune hyperthyroidism,Highest registered phase: PHASE2,Registered statuses: SUSPENDED,NCT06240455,NR (not deeply assessed; completeness row),NR (not deeply assessed; completeness row),NR (not deeply assessed; completeness row),NR (not deeply assessed; completeness row),NR (not deeply assessed; completeness row),NR (not deeply assessed; completeness row),NR (not deeply assessed; completeness row),NR (not deeply assessed; completeness row),NA (not scored; completeness row),NA (not scored; completeness row),NA (not scored; completeness row),NA (not scored; completeness row),NA (not scored; completeness row),NA (not scored; completeness row),Low (registry-level completeness row; not an efficacy judgment),Frozen official registry protocol + curated intervention mapping,ClinicalTrials.gov; NCT06240455,2026-09-10,Completeness row retained in the full inventory; not deeply assessed and not included in R&D potential ranking.,pipeline/approved asset,completeness,1,high,Curated crosswalk target/mechanism mapping linked to frozen registry records; source depth varies by asset.,NA (not scored; completeness row),Yes,2026-09-10,2.0.0
