retrieval_id,canonical_source_id,canonical_id_status,provisional_tool_indices,jurisdiction,topic,source_tier,authority,source_type,title,url,alternate_urls,query,retrieval_result,http_status,retrieved_at_utc,final_url,publication_or_revision_date,cut_eligibility,locator,content_type,local_cache_file,bytes,sha256,page_count,notes,uncertainty_semantics,data_cut,schema_version
SOCSRC-001,26,preserved_v1,80;137;210,United States,GD guideline,A2 society guideline,American Thyroid Association,guideline,2016 American Thyroid Association Guidelines for Diagnosis and Management of Hyperthyroidism and Other Causes of Thyrotoxicosis,https://www.liebertpub.com/doi/pdf/10.1089/thy.2016.0229,https://web.archive.org/web/20230929194441id_/https://www.liebertpub.com/doi/pdf/10.1089/thy.2016.0229; https://doi.org/10.1089/thy.2016.0229; https://pubmed.ncbi.nlm.nih.gov/27521067/,site:thyroid.org 2016 ATA hyperthyroidism guideline PDF correction Recommendation 58 10.1089/thy.2016.0229,acquired,200,2026-09-11T05:22:40+00:00,https://web.archive.org/web/20230929194441id_/https://www.liebertpub.com/doi/pdf/10.1089/thy.2016.0229,2016-10-01,eligible,numbered recommendations; exact recommendation use requires acquired full text and correction check,application/pdf;charset=UTF-8,sources/regional_soc/S026_2016_American_Thyroid_Association_Guidelines_for_Diagnosis_and_Managem.pdf,1547746,7c5a39ab34307315a334efd82081f04822f658d777230bbb6654cb911aff96b7,79,Primary guideline; correction handled as a separate source. Acquisition route: pre-cut Internet Archive snapshot of the open publisher PDF; origin URL retained in url field.,Retrieved source supports bounded claims only; failed search never proves absence.,2026-09-10,2.0.0
SOCSRC-002,28,preserved_v1,100;108;145,South Korea,GD RAI guideline,A2 national society guideline,Korean Thyroid Association,guideline,2025 Korean Thyroid Association Management Guidelines for Radioactive Iodine Therapy in Patients with Hyperthyroidism,https://www.e-enm.org/upload/pdf/enm-2025-2464.pdf,https://www.e-enm.org/journal/view.php?number=2624; https://doi.org/10.3803/enm.2025.2464,Korean Thyroid Association Graves disease management guideline antithyroid drug radioactive iodine surgery pregnancy 2023 official,acquired,200,2026-09-11T05:22:40+00:00,https://www.e-enm.org/upload/pdf/enm-2025-2464.pdf,2025-06-24,eligible,recommendations 1.1.1-6.4 and recommendation summary table,application/pdf,sources/regional_soc/S028_2025_Korean_Thyroid_Association_Management_Guidelines_for_Radioactive_.pdf,377480,799666217959123de6bd1643fad4be5ee4530abcde97e321245b4e5ca26be68a,15,Recommendation 5.3 narrative/table wording requires explicit reconciliation.,Retrieved source supports bounded claims only; failed search never proves absence.,2026-09-10,2.0.0
SOCSRC-003,39,preserved_v1,149;205,EU/EEA; international context,GD guideline,A2 society guideline,European Thyroid Association,guideline,2018 European Thyroid Association Guideline for the Management of Graves' Hyperthyroidism,https://pmc.ncbi.nlm.nih.gov/articles/PMC6140607/,https://doi.org/10.1159/000490384,official 2018 European Thyroid Association Graves hyperthyroidism guideline full text,acquired,200,2026-09-11T05:22:44+00:00,https://pmc.ncbi.nlm.nih.gov/articles/PMC6140607/,2018-07-25,eligible,"recommendations 5, 7-9, 13, 21-22, 28, 44, 47-48; pregnancy/lactation and older-adult sections",text/html; charset=utf-8,sources/regional_soc/S039_2018_European_Thyroid_Association_Guideline_for_the_Management_of_Grav.html,381582,f6f2dde5c3736d144db75e4f9f61f179ef8346cfba48b69eeb1642d9d2d471fc,NA (HTML/XML source),"Use biochemical control, remission, relapse, and destructive control as distinct concepts.",Retrieved source supports bounded claims only; failed search never proves absence.,2026-09-10,2.0.0
SOCSRC-004,40,preserved_v1,113;114,Japan,GD guideline summary,A2 society-linked guideline summary,Japanese Society of Internal Medicine; Japan Thyroid Association guideline authors,guideline_summary,バセドウ病治療ガイドライン2019 (guideline at a glance),https://www.jstage.jst.go.jp/article/naika/111/11/111_2279/_pdf,https://doi.org/10.2169/naika.111.2279,Japan Thyroid Association Graves disease treatment guideline 2019 methimazole PTU radioactive iodine pregnancy official,acquired,200,2026-09-11T05:22:44+00:00,https://www.jstage.jst.go.jp/article/naika/111/11/111_2279/_pdf,2022-11-10,eligible,BCQ1-BCQ39 summary; pages 2279-2284,application/pdf;charset=UTF-8,sources/regional_soc/S040_2019_guideline_at_a_glance.pdf,461593,e14f2036f2bb81f128f856e0966faf6c0fe4fb41e35f4da56e1ff4638670e0a0,6,Secondary summary of the 2019 JTA guideline; primary CQ PDF is source 741.,Retrieved source supports bounded claims only; failed search never proves absence.,2026-09-10,2.0.0
SOCSRC-005,42,preserved_v1,218,United States; international context,GD and TED clinical update,B1 peer-reviewed clinical review,Peer-reviewed authors,review,2022 Update on Clinical Management of Graves Disease and Thyroid Eye Disease,https://pmc.ncbi.nlm.nih.gov/articles/PMC9174594/,https://doi.org/10.1016/j.ecl.2021.12.004,2022 Update on Clinical Management of Graves Disease and Thyroid Eye Disease full text,acquired,200,2026-09-11T05:22:45+00:00,https://pmc.ncbi.nlm.nih.gov/articles/PMC9174594/,2022-06-01,eligible,GD management and TED treatment sections,text/html; charset=utf-8,sources/regional_soc/S042_2022_Update_on_Clinical_Management_of_Graves_Disease_and_Thyroid_Eye_D.html,253992,fe874efb2ea8e83acdd17e170caa7fb5a2f4b201fccc98e88d7da783d057c3e4,NA (HTML/XML source),Context source; guideline or regulator preferred for normative/status claims.,Retrieved source supports bounded claims only; failed search never proves absence.,2026-09-10,2.0.0
SOCSRC-006,127,preserved_v1,140;219;220,South Korea,TED practice framework,A2/B1 society-endorsed framework,Korean Society of Ophthalmic Plastic and Reconstructive Surgery,society_framework,A Korean Clinical Practice Framework for Thyroid Eye Disease: Integrating International Recommendations with Survey-Informed Consensus,https://www.e-enm.org/upload/pdf/enm-2026-2920.pdf,https://e-enm.org/journal/view.php?number=2717; https://doi.org/10.3803/enm.2026.2920,Korean thyroid eye disease clinical practice framework 2026 KSOPRS,acquired,200,2026-09-11T05:22:46+00:00,https://www.e-enm.org/upload/pdf/enm-2026-2920.pdf,2026-06-12,eligible,Methods; Table 1; text algorithm steps 1-6; stage-specific treatment sections,application/pdf,sources/regional_soc/S127_A_Korean_Clinical_Practice_Framework_for_Thyroid_Eye_Disease_Integrati.pdf,371985,5a1f02c942229fec235d0c251a9d22f4c397675335328333b45c5c74b8901bda,16,"Society-endorsed, survey-informed framework with consensus elements; not a formal evidence-graded guideline and not regulatory evidence.",Retrieved source supports bounded claims only; failed search never proves absence.,2026-09-10,2.0.0
SOCSRC-007,135,preserved_v1,133;200;201,EU/EEA; international context,TED guideline,A2 society guideline,European Group on Graves' Orbitopathy,guideline,The 2021 European Group on Graves' orbitopathy clinical practice guidelines for the medical management of Graves' orbitopathy,https://academic.oup.com/ejendo/article-pdf/185/4/G43/45297350/ejendo_g43.pdf,https://web.archive.org/web/20221207052135id_/https://eje.bioscientifica.com/view/journals/eje/185/4/EJE-21-0479.xml; https://doi.org/10.1530/EJE-21-0479; https://www.eugogo.eu/publications/the-2021-european-group-on-graves-orbitopathy-eugogo-clinical-practice-guidelines-for-the-medical-management-of-graves-orbitopathy/,2021 EUGOGO guidelines full text EJE-21-0479,acquired,200,2026-09-11T05:22:51+00:00,https://web.archive.org/web/20221207052135id_/https://eje.bioscientifica.com/view/journals/eje/185/4/EJE-21-0479.xml,2021-08-27,eligible,recommendations 7-8 and 26-27; treatment algorithms and dosing text,text/html;charset=UTF-8,sources/regional_soc/S135_The_2021_European_Group_on_Graves_orbitopathy_clinical_practice_guidel.xml,2692694,9683e7fddf89aa41c597c5dc822ffe2be18e3e126cc3d4df409ed0f6a3a8eb28,NA (HTML/XML source),"The 2021 statement that teprotumumab was US-only is historical, not current 2026 status. Acquisition route: pre-cut Internet Archive snapshot of the publisher full-text HTML; origin URL retained in url field.",Retrieved source supports bounded claims only; failed search never proves absence.,2026-09-10,2.0.0
SOCSRC-008,139,preserved_v1,129;144;214,United States; EU/EEA; international context,TED consensus,A2 society consensus statement,American Thyroid Association and European Thyroid Association,consensus_statement,Management of Thyroid Eye Disease: A Consensus Statement by the American Thyroid Association and the European Thyroid Association,https://pmc.ncbi.nlm.nih.gov/articles/PMC9807259/,https://doi.org/10.1530/ETJ-22-0189,Management of thyroid eye disease ATA ETA consensus PMC 2022 0189,acquired,200,2026-09-11T05:22:51+00:00,https://pmc.ncbi.nlm.nih.gov/articles/PMC9807259/,2022-12-01,eligible,key points and phenotype/activity/severity treatment sections,text/html; charset=utf-8,sources/regional_soc/S139_Management_of_Thyroid_Eye_Disease_A_Consensus_Statement_by_the_America.html,480280,01ee0aecf4fdf1956fbdc05d1bae52811d463febb107be134bf9408ea42d70da,NA (HTML/XML source),Normative consensus source; availability statements must be updated with 2026 regulator sources.,Retrieved source supports bounded claims only; failed search never proves absence.,2026-09-10,2.0.0
SOCSRC-009,373,preserved_v1_manual,171,United States,Lumvoa authorization and label,A1 regulator,U.S. Food and Drug Administration,prescribing_information,LUMVOA (veligrotug-vvze) Prescribing Information,https://www.accessdata.fda.gov/drugsatfda_docs/label/2026/761530Orig1s000lbl.pdf,NA (none required),site:accessdata.fda.gov Lumvoa veligrotug label 2026,acquired,200,2026-09-11T05:22:51+00:00,https://www.accessdata.fda.gov/drugsatfda_docs/label/2026/761530Orig1s000lbl.pdf,2026-06-01,eligible,"sections 1, 2.1, 2.3, 4, 5.1-5.4, 6.1, 8.1-8.5",application/pdf,sources/regional_soc/S373_LUMVOA_veligrotug-vvze_Prescribing_Information.pdf,139816,19954f585c92f156b536e2fca6ccf54a5349ef4745508ada6f2fb56cb97fd4f7,12,Current USPI at the data cut.,Retrieved source supports bounded claims only; failed search never proves absence.,2026-09-10,2.0.0
SOCSRC-010,726,preserved_v1_manual,170,United States,Lumvoa authorization,A1 regulator,U.S. Food and Drug Administration,approval_letter,BLA 761530 approval letter for LUMVOA,https://www.accessdata.fda.gov/drugsatfda_docs/appletter/2026/761530Orig1s000ltr.pdf,NA (none required),site:fda.gov Lumvoa veligrotug approval June 26 2026 thyroid eye disease,acquired,200,2026-09-11T05:22:51+00:00,https://www.accessdata.fda.gov/drugsatfda_docs/appletter/2026/761530Orig1s000ltr.pdf,2026-06-26,eligible,"page 1, Licensing",application/pdf,sources/regional_soc/S726_BLA_761530_approval_letter_for_LUMVOA.pdf,38380,f1033b435abc06d8be4dc63ac4d1caf5455967e991b7dcfa253d30ea9609b997,5,BLA approval effective 2026-06-26.,Retrieved source supports bounded claims only; failed search never proves absence.,2026-09-10,2.0.0
SOCSRC-011,727,preserved_v1_manual,172,United States,Lumvoa authorization,A1 regulator,U.S. Food and Drug Administration,approval_list,Novel Drug Approvals for 2026,https://www.fda.gov/drugs/novel-drug-approvals-fda/novel-drug-approvals-2026,https://web.archive.org/web/20260904205236id_/https://www.fda.gov/drugs/novel-drug-approvals-fda/novel-drug-approvals-2026,site:fda.gov Lumvoa veligrotug approval June 26 2026 thyroid eye disease,acquired,200,2026-09-11T05:22:51+00:00,https://web.archive.org/web/20260904205236id_/https://www.fda.gov/drugs/novel-drug-approvals-fda/novel-drug-approvals-2026,2026-06-26,eligible,Lumvoa row (approval date 6/26/2026),text/html; charset=UTF-8,sources/regional_soc/S727_Novel_Drug_Approvals_for_2026.html,40829,d0f07740526cbe6be024f4e254d9927db9567f2d52d5df01f782487e770e4975,NA (HTML/XML source),"Corroborates approval date; label controls indication and dosing. Acquisition route: 2026-09-04 Internet Archive snapshot of the FDA page, before the frozen cut; origin URL retained in url field.",Retrieved source supports bounded claims only; failed search never proves absence.,2026-09-10,2.0.0
SOCSRC-012,728,new_v2_collision_safe,178;179,United States,Tepezza current label,A1 regulator/NLM label repository,U.S. National Library of Medicine DailyMed,current_spl,TEPEZZA (teprotumumab-trbw) current prescribing information,https://dailymed.nlm.nih.gov/dailymed/drugInfo.cfm?setid=3e6c54a1-cefd-4a5b-a855-ab9f268b6cce,https://dailymed.nlm.nih.gov/dailymed/fda/fdaDrugXsl.cfm?setid=3e6c54a1-cefd-4a5b-a855-ab9f268b6cce,site:dailymed.nlm.nih.gov TEPEZZA teprotumumab prescribing information updated 2026 label,acquired,200,2026-09-11T05:22:51+00:00,https://dailymed.nlm.nih.gov/dailymed/drugInfo.cfm?setid=3e6c54a1-cefd-4a5b-a855-ab9f268b6cce,2025-11-01,eligible,"sections 1, 2.1, 5.1-5.4, 6.1, 8.1-8.5; Revised 11/2025",text/html; charset=utf-8,sources/regional_soc/S728_TEPEZZA_teprotumumab-trbw_current_prescribing_information.html,166043,9e230795487db17fe59cc1f577080c57456e891fd9dbeacef7c19e4bae7712bb,NA (HTML/XML source),Supersedes historical 2020 FDA labeling for current-label claims.,Retrieved source supports bounded claims only; failed search never proves absence.,2026-09-10,2.0.0
SOCSRC-013,729,new_v2_collision_safe,31,EU/EEA,Tepezza authorization,A1 regulator,European Medicines Agency,EPAR,Tepezza EPAR,https://www.ema.europa.eu/en/medicines/human/EPAR/tepezza,NA (none required),site:ema.europa.eu teprotumumab Tepezza thyroid eye disease European Commission authorization 2025 2026,acquired,200,2026-09-11T05:22:52+00:00,https://www.ema.europa.eu/en/medicines/human/EPAR/tepezza,2025-06-19,eligible,overview; authorisation details; product-information links,text/html; charset=UTF-8,sources/regional_soc/S729_Tepezza_EPAR.html,178460,b39b1afeb2b54fb47f0507379a2bebd113f2e82d69d4264d7af194cb045203c0,NA (HTML/XML source),EU-wide marketing authorization does not establish Member State reimbursement.,Retrieved source supports bounded claims only; failed search never proves absence.,2026-09-10,2.0.0
SOCSRC-014,730,new_v2_collision_safe,32,EU/EEA,Tepezza product information,A1 regulator,European Medicines Agency,product_information,TEPEZZA EU product information,https://www.ema.europa.eu/en/documents/product-information/tepezza-epar-product-information_en.pdf,https://www.ema.europa.eu/en/medicines/human/EPAR/tepezza,site:ema.europa.eu teprotumumab Tepezza product information,acquired,200,2026-09-11T05:22:52+00:00,https://www.ema.europa.eu/en/documents/product-information/tepezza-epar-product-information_en.pdf,2025-06-19,eligible,"SmPC sections 4.1-4.8, 5.3, 9",application/pdf,sources/regional_soc/S730_TEPEZZA_EU_product_information.pdf,432336,6f85426dffbbf87b15db1785834dbe719313997a7407865602fa98f6ed7348e2,36,Current EU label at the data cut.,Retrieved source supports bounded claims only; failed search never proves absence.,2026-09-10,2.0.0
SOCSRC-015,731,new_v2_collision_safe,46,United Kingdom,Tepezza authorization,A1 regulator,Medicines and Healthcare products Regulatory Agency,approval_announcement,MHRA approves teprotumumab as the first UK treatment for adults with moderate-to-severe TED,https://www.gov.uk/government/news/mhra-approves-teprotumumab-as-the-first-uk-treatment-for-adults-with-moderate-to-severe-thyroid-eye-disease-ted,NA (none required),site:gov.uk teprotumumab thyroid eye disease MHRA 2025,acquired,200,2026-09-11T05:22:52+00:00,https://www.gov.uk/government/news/mhra-approves-teprotumumab-as-the-first-uk-treatment-for-adults-with-moderate-to-severe-thyroid-eye-disease-ted,2025-05-07,eligible,title and approval statement,text/html; charset=utf-8,sources/regional_soc/S731_MHRA_approves_teprotumumab_as_the_first_UK_treatment_for_adults_with_m.html,74170,1b0c3a5da124de5529d9150649bf3c023455917bb775b174d4a5dd21ea5b9ee1,NA (HTML/XML source),Authorization source; does not establish NHS reimbursement.,Retrieved source supports bounded claims only; failed search never proves absence.,2026-09-10,2.0.0
SOCSRC-016,732,new_v2_collision_safe,48,United Kingdom (England),Tepezza HTA/access,A1 public HTA body,National Institute for Health and Care Excellence,appraisal_status,Teprotumumab for treating thyroid eye disease (deferred appraisal of D1) [ID6756],https://www.nice.org.uk/guidance/indevelopment/gid-ta11995,NA (none required),site:nice.org.uk teprotumumab thyroid eye disease appraisal 2026 publication October 2026,acquired,200,2026-09-11T05:22:52+00:00,https://www.nice.org.uk/guidance/indevelopment/gid-ta11995,2026-08-11,eligible_snapshot_at_cut,status In progress; expected publication 08 October 2026,text/html; charset=utf-8,sources/regional_soc/S732_Teprotumumab_for_treating_thyroid_eye_disease_deferred_appraisal_of_D1.html,16075,37c9033f28c0ba8226ef8f3c468cbc933090857925b6a6393971a3c897588da0,NA (HTML/XML source),"At the data cut, final NICE guidance was not published.",Retrieved source supports bounded claims only; failed search never proves absence.,2026-09-10,2.0.0
SOCSRC-017,733,new_v2_collision_safe,49;51,United Kingdom (England),Tepezza draft HTA context,A1 public HTA body—draft,National Institute for Health and Care Excellence,draft_consultation,Teprotumumab for treating thyroid eye disease—draft guidance consultation,https://www.nice.org.uk/guidance/gid-ta11531/documents/consultation-document-2,https://www.nice.org.uk/consultations/3001/2,site:nice.org.uk teprotumumab thyroid eye disease appraisal 2026 publication October 2026,acquired,200,2026-09-11T05:22:53+00:00,https://www.nice.org.uk/guidance/gid-ta11531/documents/consultation-document-2,2025-06-01,eligible_context_only,front matter and section 1,application/pdf,sources/regional_soc/S733_Teprotumumab_for_treating_thyroid_eye_disease_draft_guidance_consultat.pdf,280119,5ec29d1f677d5d7e805f98025b4322674a3f0c061e67bdd89daabdaeb3e953e1,29,Draft consultation only; explicitly not final NICE guidance and not proof of final NHS funding status.,Retrieved source supports bounded claims only; failed search never proves absence.,2026-09-10,2.0.0
SOCSRC-018,734,new_v2_collision_safe,54;311,United Kingdom,Tepezza product information and dosing context,A2 regulator-approved product information,Amgen Ltd via electronic Medicines Compendium,summary_of_product_characteristics,TEPEZZA 500 mg powder for concentrate for solution for infusion—UK SmPC,https://www.medicines.org.uk/emc/product/101201/smpc,https://web.archive.org/web/20260518001604id_/https://www.medicines.org.uk/emc/product/101201/smpc; https://bnf.nice.org.uk/drugs/teprotumumab/,UK Tepezza teprotumumab Summary of Product Characteristics 10 mg/kg 20 mg/kg,acquired,200,2026-09-11T05:22:53+00:00,https://web.archive.org/web/20260518001604id_/https://www.medicines.org.uk/emc/product/101201/smpc,2026-05-18 snapshot (product approved 2025-05-07),eligible_snapshot_at_cut,SmPC sections 4.1-4.8; section 4.2 dosing regimen,text/html; charset=utf-8,sources/regional_soc/S734_TEPEZZA_500_mg_powder_for_concentrate_for_solution_for_infusion_UK_SmP.html,80827,49077d52029ef1d8f91b88ab594da86eca8d4afc66600690d531dc2a6bdb24f0,NA (HTML/XML source),Approved product-information context; MHRA source 731 controls authorization and NICE source 732 controls England HTA status. BNF search result 54 is retained only as provisional discovery provenance. Acquisition route: 2026-05-18 Internet Archive snapshot of the UK regulator-approved SmPC; origin URL retained in url field.,Retrieved source supports bounded claims only; failed search never proves absence.,2026-09-10,2.0.0
SOCSRC-019,735,new_v2_collision_safe,1;313,Japan,Tepezza authorization and label basis,A1 regulator,Pharmaceuticals and Medical Devices Agency / MHLW,review_report,Tepezza deliberation and review report,https://www.pmda.go.jp/drugs/2024/P20240919001/112292000_30600AMX00249_A100_1.pdf,NA (none required),site:pmda.go.jp Tepezza teprotumumab thyroid eye disease approval Japan 2024,acquired,200,2026-09-11T05:22:53+00:00,https://www.pmda.go.jp/drugs/2024/P20240919001/112292000_30600AMX00249_A100_1.pdf,2024-09-03,eligible,deliberation result; indication and dosage section,application/pdf,sources/regional_soc/S735_Tepezza_deliberation_and_review_report.pdf,3855433,33095b611ecd1d6e679ac5b236ad6b7e87127b8240f947518d29eefbbfd71cf2,56,Supports active-TED indication and 8-infusion adult regimen.,Retrieved source supports bounded claims only; failed search never proves absence.,2026-09-10,2.0.0
SOCSRC-020,736,new_v2_collision_safe,2;314,Japan,Tepezza authorization,A1 regulator,Pharmaceuticals and Medical Devices Agency,approved_drug_list,List of Approved Drugs (Tepezza row),https://www.pmda.go.jp/files/000281190.pdf,NA (none required),site:pmda.go.jp Tepezza approved drugs list,acquired,200,2026-09-11T05:22:56+00:00,https://www.pmda.go.jp/files/000281190.pdf,2024-09-24,eligible,"row 6-2, 24 September 2024, item 19",application/pdf,sources/regional_soc/S736_List_of_Approved_Drugs_Tepezza_row.pdf,3206009,e1771f98c653699d0e4fc893650f27af047c5a60406013243786c8944c14e272,207,English approved-drug list.,Retrieved source supports bounded claims only; failed search never proves absence.,2026-09-10,2.0.0
SOCSRC-021,737,new_v2_collision_safe,315,Japan,Tepezza authorization,A1 regulator,Pharmaceuticals and Medical Devices Agency,approved_drug_list,承認品目一覧（新医薬品：2024年4月～2025年3月）,https://www.pmda.go.jp/files/000270227.pdf,NA (none required),site:pmda.go.jp テッペーザ 承認 2024,acquired,200,2026-09-11T05:22:57+00:00,https://www.pmda.go.jp/files/000270227.pdf,2024-09-24,eligible,第6の2; 2024.9.24; item 19,application/pdf,sources/regional_soc/S737_2024_4_2025_3.pdf,316981,8979aad3da9907f425169c2533c8da409b8f1180799ef03f542b696f93743179,7,Japanese approved-item list.,Retrieved source supports bounded claims only; failed search never proves absence.,2026-09-10,2.0.0
SOCSRC-022,738,new_v2_collision_safe,9;322,Japan,Tepezza safety implementation,A1 regulator,Pharmaceuticals and Medical Devices Agency,safety_information,Pharmaceuticals and Medical Devices Safety Information,https://www.pmda.go.jp/files/000274091.pdf,NA (none required),site:pmda.go.jp Tepezza safety information 2024,acquired,200,2026-09-11T05:22:57+00:00,https://www.pmda.go.jp/files/000274091.pdf,2024-11-20,eligible,Teprotumumab/Tepezza entry,application/pdf,sources/regional_soc/S738_Pharmaceuticals_and_Medical_Devices_Safety_Information.pdf,261660,42ae4072a03367e8d57fdb3bf2e8e50660634e65469940cae1d372f0152fd98a,15,Contextual safety/implementation record; label/review report remains primary.,Retrieved source supports bounded claims only; failed search never proves absence.,2026-09-10,2.0.0
SOCSRC-023,739,new_v2_collision_safe,119;122;127,United Kingdom,GD guideline,A1 national guideline body,National Institute for Health and Care Excellence,guideline,Thyroid disease: assessment and management—recommendations (NG145),https://www.nice.org.uk/guidance/ng145/chapter/recommendations,https://www.nice.org.uk/guidance/ng145/resources/thyroid-disease-assessment-and-management-pdf-66141781496773,site:nice.org.uk NG145 thyroid disease assessment management Graves antithyroid radioactive iodine surgery pregnancy children 2026,acquired,200,2026-09-11T05:22:57+00:00,https://www.nice.org.uk/guidance/ng145/chapter/recommendations,2023-10-12,eligible,recommendations 1.6.10-1.6.26; monitoring subsections,text/html; charset=utf-8,sources/regional_soc/S739_Thyroid_disease_assessment_and_management_recommendations_NG145.html,109751,bc1bc5800adf81d0be66be8536179cf32725859674a7e214df5e64a1a5e1cfab,NA (HTML/XML source),Scope excludes management of thyroid disease in pregnancy.,Retrieved source supports bounded claims only; failed search never proves absence.,2026-09-10,2.0.0
SOCSRC-024,740,new_v2_collision_safe,120;283;284,United Kingdom,GD pregnancy and contraception safety context,A1 regulator drug-safety communication,Medicines and Healthcare products Regulatory Agency,drug_safety_update,Carbimazole: increased risk of congenital malformations; strengthened advice on contraception,https://assets.publishing.service.gov.uk/media/5c6a89ca40f0b61a177602fb/DSU-PDF-Feb-2019.pdf,https://www.gov.uk/drug-safety-update/carbimazole-increased-risk-of-congenital-malformations-strengthened-advice-on-contraception; https://cks.nice.org.uk/topics/hyperthyroidism/management/pre-conception-pregnancy-postpartum/,site:gov.uk MHRA carbimazole congenital malformations contraception pregnancy 2019,acquired,200,2026-09-11T05:22:58+00:00,https://assets.publishing.service.gov.uk/media/5c6a89ca40f0b61a177602fb/DSU-PDF-Feb-2019.pdf,2019-02-18,eligible,"Drug Safety Update February 2019, pages 2-3; Advice for healthcare professionals",application/pdf,sources/regional_soc/S740_Carbimazole_increased_risk_of_congenital_malformations_strengthened_ad.pdf,223369,0860104a23ed1646111ccf795fd76e5342966f17dfe86515960b29e16867199c,8,UK regulator safety context only. NG145 excludes pregnancy; broader GD pregnancy management remains anchored to dedicated pregnancy and thyroid-society guidance.,Retrieved source supports bounded claims only; failed search never proves absence.,2026-09-10,2.0.0
SOCSRC-025,741,new_v2_collision_safe,235,Japan,GD guideline primary CQ statements,A2 national society guideline,Japan Thyroid Association,guideline_cq_compendium,バセドウ病治療ガイドライン2019 CQ一覧,https://www.japanthyroid.jp/doctor/img/basedou_2019cq.pdf,https://web.archive.org/web/20260425155755id_/https://www.japanthyroid.jp/doctor/img/basedou_2019cq.pdf; https://www.japanthyroid.jp/doctor/problem.html,site:japanthyroid.jp バセドウ病治療ガイドライン2019 PDF 日本甲状腺学会,acquired,200,2026-09-11T05:22:58+00:00,https://web.archive.org/web/20260425155755id_/https://www.japanthyroid.jp/doctor/img/basedou_2019cq.pdf,2019-04-01,eligible,CQ list; FCQ1; BCQ1-BCQ39,application/pdf,sources/regional_soc/S741_2019_CQ.pdf,812012,2bc5b4bed979419ede8c60b50fdc17a160b722df9fd5e586288f8ba8b158bfe0,7,Primary society-hosted CQ statements; resolves the earlier reliance on summaries. Acquisition route: 2026-04-25 Internet Archive snapshot of the society-hosted PDF; origin URL retained in url field.,Retrieved source supports bounded claims only; failed search never proves absence.,2026-09-10,2.0.0
SOCSRC-026,742,new_v2_collision_safe,243,Japan,TED guidance,A2 national society clinical guidance,Japan Thyroid Association and Japan Endocrine Society committee,guidance_third_draft,バセドウ病悪性眼球突出症（甲状腺眼症）の診断基準と治療指針2023（第3次案）,https://www.japanthyroid.jp/doctor/img/basedou03_2023.pdf,https://web.archive.org/web/20240118003140id_/https://www.japanthyroid.jp/doctor/img/basedou03_2023.pdf; https://www.japanthyroid.jp/doctor/problem.html,site:japanthyroid.jp 甲状腺眼症 診断基準 治療指針 2023 第3次案 PDF,acquired,200,2026-09-11T05:22:58+00:00,https://web.archive.org/web/20240118003140id_/https://www.japanthyroid.jp/doctor/img/basedou03_2023.pdf,2023-06,eligible,sections 5-7; management algorithms and treatment guidance,application/pdf,sources/regional_soc/S742_2023_3.pdf,1098622,f236c7327a215833fea3cf39db8bff08ca83591ef9d5499c6a059c0c5f0aae41,26,Society-hosted third draft; incorporates MRI-based activity assessment. Acquisition route: 2024-01-18 Internet Archive snapshot of the society-hosted PDF; origin URL retained in url field.,Retrieved source supports bounded claims only; failed search never proves absence.,2026-09-10,2.0.0
SOCSRC-027,743,new_v2_collision_safe,109,Japan,GD pregnancy/lactation explanation,A2 society journal explanation,Japan Thyroid Association,guideline_explanation,妊娠初期における薬物治療は第一選択薬として何が推奨されるか（GD guideline 2019 FCQ1 explanation）,https://www.japanthyroid.jp/doctor/abstract/abstract20.html,https://web.archive.org/web/20250617072906id_/https://www.japanthyroid.jp/doctor/abstract/abstract20.html,Japan Thyroid Association Graves guideline 2019 FCQ1 pregnancy,acquired,200,2026-09-11T05:22:59+00:00,https://web.archive.org/web/20250617072906id_/https://www.japanthyroid.jp/doctor/abstract/abstract20.html,2020-01-01,eligible,FCQ1 abstract and statement,text/html,sources/regional_soc/S743_GD_guideline_2019_FCQ1_explanation.html,46843,095d4b177654a990d44568daefdb908059609acce3f8bcba7a8e085f306270f9,NA (HTML/XML source),Use primary CQ source 741 for final wording; explanation retained for interpretation. Acquisition route: 2025-06-17 Internet Archive snapshot of the society page; origin URL retained in url field.,Retrieved source supports bounded claims only; failed search never proves absence.,2026-09-10,2.0.0
SOCSRC-028,744,new_v2_collision_safe,211,United States,ATA guideline correction,A2 journal correction,Thyroid journal / American Thyroid Association,correction,Correction to: Thyroid 2016;26:1343–1421. DOI: 10.1089/thy.2016.0229,https://liebertpub.com/doi/10.1089/thy.2016.0229.correx,https://web.archive.org/web/20250806045449id_/https://www.liebertpub.com/doi/10.1089/thy.2016.0229.correx; https://pubmed.ncbi.nlm.nih.gov/29035639/; https://doi.org/10.1089/thy.2016.0229.correx,Correction 2016 American Thyroid Association guidelines hyperthyroidism Recommendation 58,acquired,200,2026-09-11T05:22:59+00:00,https://web.archive.org/web/20250806045449id_/https://www.liebertpub.com/doi/10.1089/thy.2016.0229.correx,2017-11-01,eligible,Thyroid 27(11):1462; Recommendation 58 correcting guideline page 1369,text/html;charset=UTF-8,sources/regional_soc/S744_Correction_to_Thyroid_2016_26_1343_1421._DOI_10.1089_thy.2016.0229.html,111258,92c1473de9ed1b9aae830fcad35501655ea7104df224279d493d3cc91ef2ebb1,NA (HTML/XML source),Correction DOI 10.1089/thy.2016.0229.correx; PMID 29035639. Recommendation 58 supplies the corrected pediatric RAI wording. Acquisition route: 2025-08-06 Internet Archive snapshot of the free publisher correction; origin URL retained in url field.,Retrieved source supports bounded claims only; failed search never proves absence.,2026-09-10,2.0.0
SOCSRC-029,745,new_v2_collision_safe_search_record,NA (query-level audit record),South Korea,Tepezza authorization,R1 documented official-portal search,MFDS/NEDrug,negative_or_unresolved_search_record,Official search record: Tepezza authorization—South Korea,https://nedrug.mfds.go.kr/searchDrug,NA (search record),site:mfds.go.kr OR site:nedrug.mfds.go.kr 테프로투무맙 테페자 갑상선 안병증 허가 teprotumumab 2025 2026,no_relevant_official_product_record_found,NA (query-level record; result provenance retained in execution trace),2026-09-11T05:22:59+00:00,https://nedrug.mfds.go.kr/searchDrug,NA (search event),eligible_search_for_frozen_cut,query string and authority portal,NA (search record),NA (no citable product record),NA (search record),NA (search record; no source document),NA (search record),Unrelated records returned; absence is not evidence of non-authorization. Status remains unresolved.,No relevant official record found does not establish non-authorization or non-reimbursement; status remains unresolved.,2026-09-10,2.0.0
SOCSRC-030,746,new_v2_collision_safe_search_record,NA (query-level audit record),South Korea,Tepezza reimbursement/access,R1 documented official-portal search,Health Insurance Review & Assessment Service,negative_or_unresolved_search_record,Official search record: Tepezza reimbursement/access—South Korea,https://www.hira.or.kr/,NA (search record),site:hira.or.kr 테프로투무맙 테페자 급여 thyroid eye disease 2025 2026,no_relevant_official_reimbursement_record_found,NA (query-level record; result provenance retained in execution trace),2026-09-11T05:22:59+00:00,https://www.hira.or.kr/,NA (search event),eligible_search_for_frozen_cut,query string and authority portal,NA (search record),NA (no citable product record),NA (search record),NA (search record; no source document),NA (search record),Absence is not evidence of non-reimbursement. Status remains unresolved.,No relevant official record found does not establish non-authorization or non-reimbursement; status remains unresolved.,2026-09-10,2.0.0
SOCSRC-031,747,new_v2_collision_safe_search_record,NA (query-level audit record),EU/EEA,Lumvoa authorization,R1 documented official-portal search,European Medicines Agency,negative_or_unresolved_search_record,Official search record: Lumvoa authorization—EU/EEA,https://www.ema.europa.eu/en/search,NA (search record),site:ema.europa.eu Lumvoa veligrotug VRDN-001 thyroid eye disease,no_relevant_official_product_record_found,NA (query-level record; result provenance retained in execution trace),2026-09-11T05:22:59+00:00,https://www.ema.europa.eu/en/search,NA (search event),eligible_search_for_frozen_cut,query string and authority portal,NA (search record),NA (no citable product record),NA (search record),NA (search record; no source document),NA (search record),No official EMA product record identified; status remains unresolved rather than not authorized.,No relevant official record found does not establish non-authorization or non-reimbursement; status remains unresolved.,2026-09-10,2.0.0
SOCSRC-032,748,new_v2_collision_safe_search_record,NA (query-level audit record),Japan,Lumvoa authorization,R1 documented official-portal search,PMDA/MHLW,negative_or_unresolved_search_record,Official search record: Lumvoa authorization—Japan,https://www.pmda.go.jp/,NA (search record),site:pmda.go.jp veligrotug Lumvoa VRDN-001 thyroid eye disease approval Japan,no_relevant_official_product_record_found,NA (query-level record; result provenance retained in execution trace),2026-09-11T05:22:59+00:00,https://www.pmda.go.jp/,NA (search event),eligible_search_for_frozen_cut,query string and authority portal,NA (search record),NA (no citable product record),NA (search record),NA (search record; no source document),NA (search record),No official PMDA/MHLW product record identified; status remains unresolved.,No relevant official record found does not establish non-authorization or non-reimbursement; status remains unresolved.,2026-09-10,2.0.0
SOCSRC-033,749,new_v2_collision_safe_search_record,NA (query-level audit record),United Kingdom,Lumvoa authorization/access,R1 documented official-portal search,MHRA/NICE,negative_or_unresolved_search_record,Official search record: Lumvoa authorization/access—United Kingdom,https://www.gov.uk/search/all,NA (search record),site:gov.uk OR site:nice.org.uk Lumvoa veligrotug thyroid eye disease,no_relevant_official_product_or_appraisal_record_found,NA (query-level record; result provenance retained in execution trace),2026-09-11T05:22:59+00:00,https://www.gov.uk/search/all,NA (search event),eligible_search_for_frozen_cut,query string and authority portal,NA (search record),NA (no citable product record),NA (search record),NA (search record; no source document),NA (search record),No official UK product/appraisal record identified; status remains unresolved.,No relevant official record found does not establish non-authorization or non-reimbursement; status remains unresolved.,2026-09-10,2.0.0
SOCSRC-034,750,new_v2_collision_safe_search_record,NA (query-level audit record),South Korea,Lumvoa authorization/reimbursement,R1 documented official-portal search,MFDS/NEDrug/HIRA,negative_or_unresolved_search_record,Official search record: Lumvoa authorization/reimbursement—South Korea,https://nedrug.mfds.go.kr/searchDrug,NA (search record),Lumvoa veligrotug 벨리그로투그 갑상선안병증 site:mfds.go.kr OR site:nedrug.mfds.go.kr OR site:hira.or.kr,no_relevant_official_product_or_reimbursement_record_found,NA (query-level record; result provenance retained in execution trace),2026-09-11T05:22:59+00:00,https://nedrug.mfds.go.kr/searchDrug,NA (search event),eligible_search_for_frozen_cut,query string and authority portal,NA (search record),NA (no citable product record),NA (search record),NA (search record; no source document),NA (search record),No official Korean record identified; authorization and reimbursement remain unresolved.,No relevant official record found does not establish non-authorization or non-reimbursement; status remains unresolved.,2026-09-10,2.0.0
SOCSRC-035,751,new_v2_collision_safe_search_record,NA (query-level audit record),EU/EEA,Tepezza reimbursement/access,R1 documented official-portal search,EMA/European Commission context,negative_or_unresolved_search_record,Official search record: Tepezza reimbursement/access—EU/EEA,https://www.ema.europa.eu/en/medicines/human/EPAR/tepezza,NA (search record),EU Tepezza reimbursement Member State level,no_eu_wide_reimbursement_status_applicable,NA (query-level record; result provenance retained in execution trace),2026-09-11T05:22:59+00:00,https://www.ema.europa.eu/en/medicines/human/EPAR/tepezza,NA (search event),eligible_search_for_frozen_cut,query string and authority portal,NA (search record),NA (no citable product record),NA (search record),NA (search record; no source document),NA (search record),Pricing and reimbursement decisions occur at Member State level; no EU-wide reimbursement claim is made.,No relevant official record found does not establish non-authorization or non-reimbursement; status remains unresolved.,2026-09-10,2.0.0
SOCSRC-036,752,new_v2_collision_safe_search_record,NA (query-level audit record),Japan,Tepezza reimbursement/access,R1 documented official-portal search,MHLW/NHI price-list context,negative_or_unresolved_search_record,Official search record: Tepezza reimbursement/access—Japan,https://www.mhlw.go.jp/,NA (search record),テッペーザ 薬価 収載 teprotumumab reimbursement Japan,official_reimbursement_record_not_verified_in_this_pass,NA (query-level record; result provenance retained in execution trace),2026-09-11T05:22:59+00:00,https://www.mhlw.go.jp/,NA (search event),eligible_search_for_frozen_cut,query string and authority portal,NA (search record),NA (no citable product record),NA (search record),NA (search record; no source document),NA (search record),Authorization is verified separately; reimbursement/access remains unresolved pending a deterministic official price-list locator.,No relevant official record found does not establish non-authorization or non-reimbursement; status remains unresolved.,2026-09-10,2.0.0
