nct,as_of,raw_sha256,archive_sha256,api_url
NCT03298867,2026-10-01,59c0aa7294261e3a88a5f8970644b38f81a01388475552c33af5733874cd414f,f93353760c62fa21f0295d12fbb887e1bbc3e390bd6e5bb7fa3b76485f6a03c9,https://clinicaltrials.gov/api/v2/studies/NCT03298867
NCT04583735,2026-10-01,f2e14ed24890e2b925eb9223948142573a3ca48efd0728778f9faa2bfc8f3a3b,56b10429bc0ede6b70ba2fbc9022c728f078300de87a2c7e9bdb07245587a09d,https://clinicaltrials.gov/api/v2/studies/NCT04583735
NCT05176639,2026-10-01,09e0a0b449f984e6848b6ff88c3ba94c04ab75a3e1193e073ca6083e5a814499,68c314c6e1d3884052f5a2c85f4b51cd27cecb71d22614a0f9ae2ae0fd25e8b8,https://clinicaltrials.gov/api/v2/studies/NCT05176639
NCT05276063,2026-10-01,94021974083657102c5bd80907c286f7578d624c12acf90436aefa5ce2a60f06,f07ce8aa5e65f7dca45ce56834c75e2e020508270eb6a3d3d93f87a93674b1e9,https://clinicaltrials.gov/api/v2/studies/NCT05276063
NCT05907668,2026-10-01,bd1ff91df2c6e940b4da13607ad73e2810a079e2d28701d2d90877ba2832c5ba,ab8e6e5cbb39226d566bfe8f9d2370161fee9cfb8be5efd60b41b86b678a5cda,https://clinicaltrials.gov/api/v2/studies/NCT05907668
NCT05987423,2026-10-01,b7af9891d714c5613e324da9df3f9b4db56b454a983333135767fac41790fe62,37c00c383ce9f38295beb9297d7770f1d7da464e3497fdecee6335796ae8455c,https://clinicaltrials.gov/api/v2/studies/NCT05987423
NCT06021054,2026-10-01,3f18252f7f13038e8f0704126e9913b711589ff3936118d3b98d08b434c6d357,fb81081ce757c19385854b117924a0e3807ade5c1fc439ef56a5c18985a4f487,https://clinicaltrials.gov/api/v2/studies/NCT06021054
NCT06106828,2026-10-01,b7f593b82c88f6d1e6a83906c80acbb5b5e34dee10df4f4de842c31c44b9d6b6,123cdc9e6bf31a966cd542874f166f0dfcbc867f7ffb3f8c843c5d12630d6a9d,https://clinicaltrials.gov/api/v2/studies/NCT06106828
NCT06307613,2026-10-01,7c7b7401c4745f4cc27b994345d8b9ace405db2352379a1c4f32768e7c2b6e22,c65428b09223755526324a1181c2618317d3bae9c10ab8b50b40168f8821a489,https://clinicaltrials.gov/api/v2/studies/NCT06307613
NCT06307626,2026-10-01,54cb6b6ed367f53674e581672dd409076a06f17a5d6537b1da808df52249d42f,576b53c932e14cd9ac4e1e00e52ff985a8b36b1eac8f52a951ee099c96c91d95,https://clinicaltrials.gov/api/v2/studies/NCT06307626
NCT06557850,2026-10-01,903c10f48cd71f4c1e084bde286c0e80898fbe4f8ec98f5e479de6e3dc57a4d5,a965d39b1d72f370f53903297938aa222acdba7a3ea1cbd0d53cf16982879b91,https://clinicaltrials.gov/api/v2/studies/NCT06557850
NCT06569758,2026-10-01,347e5977d10557621788b4cc5518cb6c72b527c31cf912d66a8af72c2ee97dd9,6b6331968f6a945e908d77815a81d70910e36b8a8813f4b6be42a4b5631dbdba,https://clinicaltrials.gov/api/v2/studies/NCT06569758
NCT06727604,2026-10-01,1ace74ee7e2dbc0614a3189c7e18f9b8cd0181f637ffa914ab37a6fc06026942,ab089560815eeb77b8a0a20079693d982ecb056b2997d5641f0a2597f3f9cca4,https://clinicaltrials.gov/api/v2/studies/NCT06727604
NCT06769984,2026-10-01,817389d800f6f92f0511d52368cf19876492f61f62c9fd2e9598a6885caf3b39,c0819596c5e5a6af8a5ef9b4f7d85a9cb5988665ac4c650bb5e4f87143ad9f01,https://clinicaltrials.gov/api/v2/studies/NCT06769984
NCT07018323,2026-10-01,753ebba9923d477fc85eb113e38993152fa707cb83c80cfd593f23c1ab85443b,5718500d3ace2fffa7928c453e6916a875d343a687f82d57a7616d905f9b446c,https://clinicaltrials.gov/api/v2/studies/NCT07018323
NCT07305818,2026-10-01,fb5f6ae3734b6425db979cea743be92abccce5f9d7bb92ac698319ffa6f7e8e4,baa3759351289c4bb1ad9b6f791377d3cf316993f02b427c1d5b063cd08f1b6b,https://clinicaltrials.gov/api/v2/studies/NCT07305818
NCT07570316,2026-10-01,ee939075c7c993871140086896004da5ed38c27c9c48b8473da444aed0a057c3,995f528e27c79a4177feca5ede0e50b75b3042cabe9785ace1dab058a5293be5,https://clinicaltrials.gov/api/v2/studies/NCT07570316
NCT07596849,2026-10-01,c31b7a36b4e9adfa5555e5f01490f2db7b9a97c38f4c7a024ced11196b934af7,61c2646148108568d8d84cc640e91e8a7b22474eb8a24b15e85939b594688468,https://clinicaltrials.gov/api/v2/studies/NCT07596849
NCT07661056,2026-10-01,3d4aa3111cbc6d093dfc2f52dd1fcc1eb2295b8826708a47cf5bf01e9881b672,20f2ab3975850a10588a687d2d180429d12d140f7dc1bf058fef61eb9af18748,https://clinicaltrials.gov/api/v2/studies/NCT07661056
NCT07682896,2026-10-01,2f73881c393f8c3d6a1a4da8bd62b81911122871e10f4ad9404b7a9a8dab8d80,854d2697b82040b721eabd7313f7d04dd7c3af173019551683de2f86f7d76a2a,https://clinicaltrials.gov/api/v2/studies/NCT07682896
NCT07720635,2026-10-01,8cececbaddb3e16086a47fb17b235d65f57b757ee48bc79f41c9aa5f4649a353,771bf0c42a1fda56b4f2ce5b6a0e46aa7e6e47ee0f38ef4e83bf84d8de2345fa,https://clinicaltrials.gov/api/v2/studies/NCT07720635
